label,baseline_precision,baseline_recall,baseline_f1,improved_precision,improved_recall,improved_f1,f1_change
A,1.0,1.0,1.0,1.0,1.0,1.0,0.0
X,0.9230769230769231,0.8571428571428571,0.8888888888888888,0.9230769230769231,0.8571428571428571,0.8888888888888888,0.0
W,1.0,0.9166666666666666,0.9565217391304348,1.0,0.9166666666666666,0.9565217391304348,0.0
V,1.0,1.0,1.0,1.0,1.0,1.0,0.0
U,1.0,0.9375,0.967741935483871,1.0,0.9375,0.967741935483871,0.0
T,1.0,1.0,1.0,1.0,1.0,1.0,0.0
R,0.8421052631578947,1.0,0.9142857142857143,0.8421052631578947,1.0,0.9142857142857143,0.0
Q,1.0,0.9166666666666666,0.9565217391304348,1.0,0.9166666666666666,0.9565217391304348,0.0
P,0.9333333333333333,1.0,0.9655172413793104,0.9333333333333333,1.0,0.9655172413793104,0.0
O,0.9411764705882353,1.0,0.9696969696969697,0.9411764705882353,1.0,0.9696969696969697,0.0
N,0.8888888888888888,1.0,0.9411764705882353,0.8888888888888888,1.0,0.9411764705882353,0.0
Y,0.9375,1.0,0.967741935483871,0.9375,1.0,0.967741935483871,0.0
Z,1.0,1.0,1.0,1.0,1.0,1.0,0.0
K,0.9090909090909091,1.0,0.9523809523809523,0.9090909090909091,1.0,0.9523809523809523,0.0
J,1.0,0.9375,0.967741935483871,1.0,0.9375,0.967741935483871,0.0
I,1.0,0.9375,0.967741935483871,1.0,0.9375,0.967741935483871,0.0
H,1.0,1.0,1.0,1.0,1.0,1.0,0.0
G,1.0,1.0,1.0,1.0,1.0,1.0,0.0
F,0.8333333333333334,0.5555555555555556,0.6666666666666666,0.8333333333333334,0.5555555555555556,0.6666666666666666,0.0
E,1.0,1.0,1.0,1.0,1.0,1.0,0.0
D,0.9166666666666666,1.0,0.9565217391304348,0.9166666666666666,1.0,0.9565217391304348,0.0
C,1.0,1.0,1.0,1.0,1.0,1.0,0.0
B,0.9285714285714286,1.0,0.9629629629629629,0.9285714285714286,1.0,0.9629629629629629,0.0
L,1.0,1.0,1.0,1.0,1.0,1.0,0.0
S,0.9375,0.9375,0.9375,1.0,0.9375,0.967741935483871,0.030241935483870996
M,0.9285714285714286,0.8125,0.8666666666666667,0.9333333333333333,0.875,0.9032258064516129,0.03655913978494618
