label,current_f1,normalized_f1,f1_change
F,0.6666666666666666,0.8235294117647058,0.1568627450980392
X,0.8888888888888888,1.0,0.11111111111111116
R,0.9142857142857143,1.0,0.08571428571428574
M,0.9032258064516129,0.967741935483871,0.06451612903225812
D,0.9565217391304348,1.0,0.04347826086956519
B,0.9629629629629629,1.0,0.03703703703703709
I,0.967741935483871,1.0,0.032258064516129004
S,0.967741935483871,1.0,0.032258064516129004
O,0.9696969696969697,1.0,0.030303030303030276
A,1.0,1.0,0.0
P,0.9655172413793104,0.9655172413793104,0.0
Y,0.967741935483871,0.967741935483871,0.0
W,0.9565217391304348,0.9565217391304348,0.0
V,1.0,1.0,0.0
U,0.967741935483871,0.967741935483871,0.0
Z,1.0,1.0,0.0
K,0.9523809523809523,0.9523809523809523,0.0
J,0.967741935483871,0.967741935483871,0.0
H,1.0,1.0,0.0
G,1.0,1.0,0.0
E,1.0,1.0,0.0
C,1.0,1.0,0.0
N,0.9411764705882353,0.9375,-0.003676470588235281
Q,0.9565217391304348,0.9166666666666666,-0.03985507246376818
T,1.0,0.9142857142857143,-0.08571428571428574
L,1.0,0.9032258064516129,-0.09677419354838712
