label,precision,recall,f1_score,support
F,0.8333333333333334,0.5555555555555556,0.6666666666666666,9
M,0.9285714285714286,0.8125,0.8666666666666667,16
X,0.9230769230769231,0.8571428571428571,0.8888888888888888,14
R,0.8421052631578947,1.0,0.9142857142857143,16
S,0.9375,0.9375,0.9375,16
N,0.8888888888888888,1.0,0.9411764705882353,16
K,0.9090909090909091,1.0,0.9523809523809523,10
D,0.9166666666666666,1.0,0.9565217391304348,11
Q,1.0,0.9166666666666666,0.9565217391304348,12
W,1.0,0.9166666666666666,0.9565217391304348,12
B,0.9285714285714286,1.0,0.9629629629629629,13
P,0.9333333333333333,1.0,0.9655172413793104,14
U,1.0,0.9375,0.967741935483871,16
I,1.0,0.9375,0.967741935483871,16
Y,0.9375,1.0,0.967741935483871,15
J,1.0,0.9375,0.967741935483871,16
O,0.9411764705882353,1.0,0.9696969696969697,16
V,1.0,1.0,1.0,16
T,1.0,1.0,1.0,16
A,1.0,1.0,1.0,13
H,1.0,1.0,1.0,14
G,1.0,1.0,1.0,8
E,1.0,1.0,1.0,12
C,1.0,1.0,1.0,14
L,1.0,1.0,1.0,16
Z,1.0,1.0,1.0,11
