held_out_member,label,support,precision,recall,f1
Member_1,A,17,1.0,1.0,1.0
Member_1,B,17,0.5862068965517241,1.0,0.7391304347826086
Member_1,C,20,0.6666666666666666,1.0,0.8
Member_1,D,19,0.0,0.0,0.0
Member_1,E,18,0.8181818181818182,1.0,0.9
Member_1,F,20,0.0,0.0,0.0
Member_1,G,19,1.0,0.42105263157894735,0.5925925925925926
Member_1,H,20,1.0,0.95,0.9743589743589743
Member_1,I,20,0.0,0.0,0.0
Member_1,J,20,0.8333333333333334,1.0,0.9090909090909091
Member_1,K,20,0.0,0.0,0.0
Member_1,L,19,0.8571428571428571,0.9473684210526315,0.9
Member_1,M,20,0.0,0.0,0.0
Member_1,N,20,0.8571428571428571,0.9,0.8780487804878049
Member_1,O,20,0.5862068965517241,0.85,0.6938775510204082
Member_1,P,20,0.2857142857142857,0.2,0.23529411764705882
Member_1,Q,20,0.2962962962962963,0.4,0.3404255319148936
Member_1,R,20,0.14285714285714285,0.1,0.11764705882352941
Member_1,S,20,0.2857142857142857,0.1,0.14814814814814814
Member_1,T,20,0.0,0.0,0.0
Member_1,U,20,0.8888888888888888,0.4,0.5517241379310345
Member_1,V,20,0.95,0.95,0.95
Member_1,W,18,1.0,1.0,1.0
Member_1,X,19,0.7307692307692307,1.0,0.8444444444444444
Member_1,Y,15,1.0,1.0,1.0
Member_1,Z,19,0.6666666666666666,0.8421052631578947,0.7441860465116279
Member_2,A,20,0.9523809523809523,1.0,0.975609756097561
Member_2,B,19,0.95,1.0,0.9743589743589743
Member_2,C,20,0.8,1.0,0.8888888888888888
Member_2,D,6,0.0,0.0,0.0
Member_2,E,20,1.0,0.8,0.8888888888888888
Member_2,F,4,0.0,0.0,0.0
Member_2,G,0,0.0,0.0,0.0
Member_2,H,20,0.5,1.0,0.6666666666666666
Member_2,I,20,0.0,0.0,0.0
Member_2,J,20,0.21739130434782608,1.0,0.35714285714285715
Member_2,K,1,0.0,0.0,0.0
Member_2,L,20,0.39215686274509803,1.0,0.5633802816901409
Member_2,M,20,0.0,0.0,0.0
Member_2,N,20,1.0,0.9,0.9473684210526315
Member_2,O,20,0.0,0.0,0.0
Member_2,P,20,0.0,0.0,0.0
Member_2,Q,19,0.0,0.0,0.0
Member_2,R,20,0.0,0.0,0.0
Member_2,S,20,0.0,0.0,0.0
Member_2,T,20,0.0,0.0,0.0
Member_2,U,20,0.0,0.0,0.0
Member_2,V,20,0.0,0.0,0.0
Member_2,W,20,1.0,1.0,1.0
Member_2,X,20,0.6896551724137931,1.0,0.8163265306122449
Member_2,Y,20,1.0,1.0,1.0
Member_2,Z,16,1.0,0.125,0.2222222222222222
Member_3,A,10,0.0,0.0,0.0
Member_3,B,11,0.0,0.0,0.0
Member_3,C,10,0.0,0.0,0.0
Member_3,D,9,0.47368421052631576,1.0,0.6428571428571429
Member_3,E,11,1.0,1.0,1.0
Member_3,F,1,0.0,0.0,0.0
Member_3,G,1,0.5,1.0,0.6666666666666666
Member_3,H,11,0.3333333333333333,0.09090909090909091,0.14285714285714285
Member_3,I,20,0.0,0.0,0.0
Member_3,J,20,1.0,0.15,0.2608695652173913
Member_3,K,12,0.0,0.0,0.0
Member_3,L,20,0.0,0.0,0.0
Member_3,M,20,0.8888888888888888,0.4,0.5517241379310345
Member_3,N,20,0.0,0.0,0.0
Member_3,O,20,0.0,0.0,0.0
Member_3,P,12,0.0,0.0,0.0
Member_3,Q,1,0.0,0.0,0.0
Member_3,R,20,0.3541666666666667,0.85,0.5
Member_3,S,20,0.14285714285714285,0.15,0.14634146341463414
Member_3,T,20,0.25925925925925924,0.7,0.3783783783783784
Member_3,U,20,0.3191489361702128,0.75,0.44776119402985076
Member_3,V,20,0.4,0.8,0.5333333333333333
Member_3,W,4,0.3076923076923077,1.0,0.47058823529411764
Member_3,X,15,1.0,0.8666666666666667,0.9285714285714286
Member_3,Y,18,1.0,0.7222222222222222,0.8387096774193549
Member_3,Z,13,0.37037037037037035,0.7692307692307693,0.5
Member_4,A,20,0.6,0.45,0.5142857142857142
Member_4,B,20,0.0,0.0,0.0
Member_4,C,20,0.0,0.0,0.0
Member_4,D,20,0.0,0.0,0.0
Member_4,E,9,0.23809523809523808,0.5555555555555556,0.3333333333333333
Member_4,F,20,0.0,0.0,0.0
Member_4,G,20,0.05555555555555555,0.05,0.05263157894736842
Member_4,H,20,0.0,0.0,0.0
Member_4,I,20,0.0,0.0,0.0
Member_4,J,20,0.0,0.0,0.0
Member_4,K,16,0.0,0.0,0.0
Member_4,L,20,0.5,0.2,0.2857142857142857
Member_4,M,19,0.0,0.0,0.0
Member_4,N,20,0.0,0.0,0.0
Member_4,O,20,0.0,0.0,0.0
Member_4,P,20,0.5217391304347826,0.6,0.5581395348837209
Member_4,Q,20,0.3114754098360656,0.95,0.4691358024691358
Member_4,R,20,0.14285714285714285,0.05,0.07407407407407407
Member_4,S,20,0.014925373134328358,0.05,0.022988505747126436
Member_4,T,20,0.5454545454545454,0.3,0.3870967741935484
Member_4,U,20,0.0,0.0,0.0
Member_4,V,20,0.0,0.0,0.0
Member_4,W,20,0.5,0.05,0.09090909090909091
Member_4,X,14,0.045454545454545456,0.07142857142857142,0.05555555555555555
Member_4,Y,20,0.0,0.0,0.0
Member_4,Z,5,0.0,0.0,0.0
