held_out_member,image_name,true_label,predicted_label,correct
Member_1,A_01.jpg,A,A,True
Member_1,A_02.jpg,A,A,True
Member_1,A_03.jpg,A,A,True
Member_1,A_04.jpg,A,A,True
Member_1,A_05.jpg,A,A,True
Member_1,A_06.jpg,A,A,True
Member_1,A_08.jpg,A,A,True
Member_1,A_10.jpg,A,A,True
Member_1,A_11.jpg,A,A,True
Member_1,A_12.jpg,A,A,True
Member_1,A_13.jpg,A,A,True
Member_1,A_14.jpg,A,A,True
Member_1,A_15.jpg,A,A,True
Member_1,A_16.jpg,A,A,True
Member_1,A_17.jpg,A,A,True
Member_1,A_19.jpg,A,A,True
Member_1,A_20.jpg,A,A,True
Member_1,B_01.jpg,B,B,True
Member_1,B_02.jpg,B,B,True
Member_1,B_03.jpg,B,B,True
Member_1,B_04.jpg,B,B,True
Member_1,B_06.jpg,B,B,True
Member_1,B_07.jpg,B,B,True
Member_1,B_08.jpg,B,B,True
Member_1,B_09.jpg,B,B,True
Member_1,B_10.jpg,B,B,True
Member_1,B_11.jpg,B,B,True
Member_1,B_12.jpg,B,B,True
Member_1,B_13.jpg,B,B,True
Member_1,B_16.jpg,B,B,True
Member_1,B_17.jpg,B,B,True
Member_1,B_18.jpg,B,B,True
Member_1,B_19.jpg,B,B,True
Member_1,B_20.jpg,B,B,True
Member_1,C_01.jpg,C,C,True
Member_1,C_02.jpg,C,C,True
Member_1,C_03.jpg,C,C,True
Member_1,C_04.jpg,C,C,True
Member_1,C_05.jpg,C,C,True
Member_1,C_06.jpg,C,C,True
Member_1,C_07.jpg,C,C,True
Member_1,C_08.jpg,C,C,True
Member_1,C_09.jpg,C,C,True
Member_1,C_10.jpg,C,C,True
Member_1,C_11.jpg,C,C,True
Member_1,C_12.jpg,C,C,True
Member_1,C_13.jpg,C,C,True
Member_1,C_14.jpg,C,C,True
Member_1,C_15.jpg,C,C,True
Member_1,C_16.jpg,C,C,True
Member_1,C_17.jpg,C,C,True
Member_1,C_18.jpg,C,C,True
Member_1,C_19.jpg,C,C,True
Member_1,C_20.jpg,C,C,True
Member_1,D_01.jpg,D,P,False
Member_1,D_02.jpg,D,P,False
Member_1,D_04.jpg,D,D,True
Member_1,D_05.jpg,D,P,False
Member_1,D_06.jpg,D,P,False
Member_1,D_07.jpg,D,D,True
Member_1,D_08.jpg,D,P,False
Member_1,D_09.jpg,D,D,True
Member_1,D_10.jpg,D,D,True
Member_1,D_11.jpg,D,P,False
Member_1,D_12.jpg,D,P,False
Member_1,D_13.jpg,D,D,True
Member_1,D_14.jpg,D,D,True
Member_1,D_15.jpg,D,D,True
Member_1,D_16.jpg,D,D,True
Member_1,D_17.jpg,D,P,False
Member_1,D_18.jpg,D,D,True
Member_1,D_19.jpg,D,D,True
Member_1,D_20.jpg,D,P,False
Member_1,E_01.jpg,E,E,True
Member_1,E_02.jpg,E,E,True
Member_1,E_04.jpg,E,E,True
Member_1,E_06.jpg,E,E,True
Member_1,E_07.jpg,E,E,True
Member_1,E_08.jpg,E,E,True
Member_1,E_09.jpg,E,E,True
Member_1,E_10.jpg,E,E,True
Member_1,E_11.jpg,E,E,True
Member_1,E_12.jpg,E,E,True
Member_1,E_13.jpg,E,E,True
Member_1,E_14.jpg,E,E,True
Member_1,E_15.jpg,E,E,True
Member_1,E_16.jpg,E,E,True
Member_1,E_17.jpg,E,E,True
Member_1,E_18.jpg,E,E,True
Member_1,E_19.jpg,E,E,True
Member_1,E_20.jpg,E,E,True
Member_1,F_01.jpg,F,D,False
Member_1,F_02.jpg,F,D,False
Member_1,F_03.jpg,F,K,False
Member_1,F_04.jpg,F,A,False
Member_1,F_05.jpg,F,D,False
Member_1,F_06.jpg,F,C,False
Member_1,F_07.jpg,F,P,False
Member_1,F_08.jpg,F,A,False
Member_1,F_09.jpg,F,A,False
Member_1,F_10.jpg,F,A,False
Member_1,F_11.jpg,F,D,False
Member_1,F_12.jpg,F,P,False
Member_1,F_13.jpg,F,P,False
Member_1,F_14.jpg,F,A,False
Member_1,F_15.jpg,F,A,False
Member_1,F_16.jpg,F,P,False
Member_1,F_17.jpg,F,P,False
Member_1,F_18.jpg,F,P,False
Member_1,F_19.jpg,F,C,False
Member_1,F_20.jpg,F,P,False
Member_1,G_02.jpg,G,G,True
Member_1,G_03.jpg,G,Q,False
Member_1,G_04.jpg,G,Q,False
Member_1,G_05.jpg,G,G,True
Member_1,G_06.jpg,G,G,True
Member_1,G_07.jpg,G,X,False
Member_1,G_08.jpg,G,X,False
Member_1,G_09.jpg,G,G,True
Member_1,G_10.jpg,G,G,True
Member_1,G_11.jpg,G,Q,False
Member_1,G_12.jpg,G,Q,False
Member_1,G_13.jpg,G,G,True
Member_1,G_14.jpg,G,Q,False
Member_1,G_15.jpg,G,G,True
Member_1,G_16.jpg,G,G,True
Member_1,G_17.jpg,G,X,False
Member_1,G_18.jpg,G,Q,False
Member_1,G_19.jpg,G,G,True
Member_1,G_20.jpg,G,G,True
Member_1,H_01.jpg,H,H,True
Member_1,H_02.jpg,H,H,True
Member_1,H_03.jpg,H,H,True
Member_1,H_04.jpg,H,H,True
Member_1,H_05.jpg,H,H,True
Member_1,H_06.jpg,H,H,True
Member_1,H_07.jpg,H,H,True
Member_1,H_08.jpg,H,H,True
Member_1,H_09.jpg,H,H,True
Member_1,H_10.jpg,H,H,True
Member_1,H_11.jpg,H,H,True
Member_1,H_12.jpg,H,H,True
Member_1,H_13.jpg,H,H,True
Member_1,H_14.jpg,H,H,True
Member_1,H_15.jpg,H,H,True
Member_1,H_16.jpg,H,H,True
Member_1,H_17.jpg,H,H,True
Member_1,H_18.jpg,H,H,True
Member_1,H_19.jpg,H,H,True
Member_1,H_20.jpg,H,H,True
Member_1,I_01.jpg,I,F,False
Member_1,I_02.jpg,I,O,False
Member_1,I_03.jpg,I,F,False
Member_1,I_04.jpg,I,X,False
Member_1,I_05.jpg,I,F,False
Member_1,I_06.jpg,I,F,False
Member_1,I_07.jpg,I,F,False
Member_1,I_08.jpg,I,F,False
Member_1,I_09.jpg,I,F,False
Member_1,I_10.jpg,I,F,False
Member_1,I_11.jpg,I,F,False
Member_1,I_12.jpg,I,F,False
Member_1,I_13.jpg,I,F,False
Member_1,I_14.jpg,I,X,False
Member_1,I_15.jpg,I,F,False
Member_1,I_16.jpg,I,F,False
Member_1,I_17.jpg,I,F,False
Member_1,I_18.jpg,I,F,False
Member_1,I_19.jpg,I,X,False
Member_1,I_20.jpg,I,F,False
Member_1,J_01.jpg,J,J,True
Member_1,J_02.jpg,J,J,True
Member_1,J_03.jpg,J,J,True
Member_1,J_04.jpg,J,J,True
Member_1,J_05.jpg,J,J,True
Member_1,J_06.jpg,J,J,True
Member_1,J_07.jpg,J,J,True
Member_1,J_08.jpg,J,J,True
Member_1,J_09.jpg,J,J,True
Member_1,J_10.jpg,J,J,True
Member_1,J_11.jpg,J,J,True
Member_1,J_12.jpg,J,J,True
Member_1,J_13.jpg,J,J,True
Member_1,J_14.jpg,J,J,True
Member_1,J_15.jpg,J,J,True
Member_1,J_16.jpg,J,J,True
Member_1,J_17.jpg,J,J,True
Member_1,J_18.jpg,J,J,True
Member_1,J_19.jpg,J,J,True
Member_1,J_20.jpg,J,J,True
Member_1,K_01.jpg,K,F,False
Member_1,K_02.jpg,K,F,False
Member_1,K_03.jpg,K,F,False
Member_1,K_04.jpg,K,F,False
Member_1,K_05.jpg,K,F,False
Member_1,K_06.jpg,K,F,False
Member_1,K_07.jpg,K,F,False
Member_1,K_08.jpg,K,F,False
Member_1,K_09.jpg,K,F,False
Member_1,K_10.jpg,K,F,False
Member_1,K_11.jpg,K,F,False
Member_1,K_12.jpg,K,F,False
Member_1,K_13.jpg,K,F,False
Member_1,K_14.jpg,K,F,False
Member_1,K_15.jpg,K,F,False
Member_1,K_16.jpg,K,F,False
Member_1,K_17.jpg,K,F,False
Member_1,K_18.jpg,K,F,False
Member_1,K_19.jpg,K,F,False
Member_1,K_20.jpg,K,F,False
Member_1,L_01.jpg,L,L,True
Member_1,L_02.jpg,L,L,True
Member_1,L_03.jpg,L,L,True
Member_1,L_04.jpg,L,L,True
Member_1,L_05.jpg,L,L,True
Member_1,L_06.jpg,L,L,True
Member_1,L_07.jpg,L,L,True
Member_1,L_08.jpg,L,L,True
Member_1,L_09.jpg,L,L,True
Member_1,L_10.jpg,L,L,True
Member_1,L_11.jpg,L,L,True
Member_1,L_12.jpg,L,L,True
Member_1,L_13.jpg,L,L,True
Member_1,L_14.jpg,L,L,True
Member_1,L_15.jpg,L,L,True
Member_1,L_16.jpg,L,L,True
Member_1,L_17.jpg,L,L,True
Member_1,L_18.jpg,L,L,True
Member_1,L_19.jpg,L,L,True
Member_1,M_01.jpg,M,M,True
Member_1,M_02.jpg,M,M,True
Member_1,M_03.jpg,M,M,True
Member_1,M_04.jpg,M,R,False
Member_1,M_05.jpg,M,M,True
Member_1,M_06.jpg,M,M,True
Member_1,M_07.jpg,M,S,False
Member_1,M_08.jpg,M,M,True
Member_1,M_09.jpg,M,M,True
Member_1,M_10.jpg,M,M,True
Member_1,M_11.jpg,M,M,True
Member_1,M_12.jpg,M,M,True
Member_1,M_13.jpg,M,M,True
Member_1,M_14.jpg,M,M,True
Member_1,M_15.jpg,M,M,True
Member_1,M_16.jpg,M,M,True
Member_1,M_17.jpg,M,M,True
Member_1,M_18.jpg,M,M,True
Member_1,M_19.jpg,M,M,True
Member_1,M_20.jpg,M,M,True
Member_1,N_01.jpg,N,N,True
Member_1,N_02.jpg,N,N,True
Member_1,N_03.jpg,N,N,True
Member_1,N_04.jpg,N,N,True
Member_1,N_05.jpg,N,N,True
Member_1,N_06.jpg,N,N,True
Member_1,N_07.jpg,N,N,True
Member_1,N_08.jpg,N,N,True
Member_1,N_09.jpg,N,N,True
Member_1,N_10.jpg,N,N,True
Member_1,N_11.jpg,N,N,True
Member_1,N_12.jpg,N,N,True
Member_1,N_13.jpg,N,N,True
Member_1,N_14.jpg,N,N,True
Member_1,N_15.jpg,N,N,True
Member_1,N_16.jpg,N,N,True
Member_1,N_17.jpg,N,N,True
Member_1,N_18.jpg,N,N,True
Member_1,N_19.jpg,N,N,True
Member_1,N_20.jpg,N,N,True
Member_1,O_01.jpg,O,R,False
Member_1,O_02.jpg,O,R,False
Member_1,O_03.jpg,O,R,False
Member_1,O_04.jpg,O,M,False
Member_1,O_05.jpg,O,O,True
Member_1,O_06.jpg,O,O,True
Member_1,O_07.jpg,O,T,False
Member_1,O_08.jpg,O,M,False
Member_1,O_09.jpg,O,R,False
Member_1,O_10.jpg,O,O,True
Member_1,O_11.jpg,O,O,True
Member_1,O_12.jpg,O,O,True
Member_1,O_13.jpg,O,O,True
Member_1,O_14.jpg,O,M,False
Member_1,O_15.jpg,O,O,True
Member_1,O_16.jpg,O,R,False
Member_1,O_17.jpg,O,O,True
Member_1,O_18.jpg,O,O,True
Member_1,O_19.jpg,O,R,False
Member_1,O_20.jpg,O,O,True
Member_1,P_01.jpg,P,K,False
Member_1,P_02.jpg,P,P,True
Member_1,P_03.jpg,P,K,False
Member_1,P_04.jpg,P,K,False
Member_1,P_05.jpg,P,K,False
Member_1,P_06.jpg,P,K,False
Member_1,P_07.jpg,P,K,False
Member_1,P_08.jpg,P,K,False
Member_1,P_09.jpg,P,P,True
Member_1,P_10.jpg,P,K,False
Member_1,P_11.jpg,P,P,True
Member_1,P_12.jpg,P,K,False
Member_1,P_13.jpg,P,P,True
Member_1,P_14.jpg,P,K,False
Member_1,P_15.jpg,P,K,False
Member_1,P_16.jpg,P,K,False
Member_1,P_17.jpg,P,K,False
Member_1,P_18.jpg,P,K,False
Member_1,P_19.jpg,P,K,False
Member_1,P_20.jpg,P,K,False
Member_1,Q_01.jpg,Q,Q,True
Member_1,Q_02.jpg,Q,Q,True
Member_1,Q_03.jpg,Q,Q,True
Member_1,Q_04.jpg,Q,Q,True
Member_1,Q_05.jpg,Q,Q,True
Member_1,Q_06.jpg,Q,Q,True
Member_1,Q_07.jpg,Q,Q,True
Member_1,Q_08.jpg,Q,Q,True
Member_1,Q_09.jpg,Q,Q,True
Member_1,Q_10.jpg,Q,Q,True
Member_1,Q_11.jpg,Q,Q,True
Member_1,Q_12.jpg,Q,Q,True
Member_1,Q_13.jpg,Q,Q,True
Member_1,Q_14.jpg,Q,Q,True
Member_1,Q_15.jpg,Q,Q,True
Member_1,Q_16.jpg,Q,Q,True
Member_1,Q_17.jpg,Q,Q,True
Member_1,Q_18.jpg,Q,Q,True
Member_1,Q_19.jpg,Q,Q,True
Member_1,Q_20.jpg,Q,Q,True
Member_1,R_01.jpg,R,M,False
Member_1,R_02.jpg,R,K,False
Member_1,R_03.jpg,R,M,False
Member_1,R_04.jpg,R,M,False
Member_1,R_05.jpg,R,M,False
Member_1,R_06.jpg,R,M,False
Member_1,R_07.jpg,R,M,False
Member_1,R_08.jpg,R,M,False
Member_1,R_09.jpg,R,M,False
Member_1,R_10.jpg,R,M,False
Member_1,R_11.jpg,R,M,False
Member_1,R_12.jpg,R,M,False
Member_1,R_13.jpg,R,R,True
Member_1,R_14.jpg,R,M,False
Member_1,R_15.jpg,R,M,False
Member_1,R_16.jpg,R,M,False
Member_1,R_17.jpg,R,M,False
Member_1,R_18.jpg,R,M,False
Member_1,R_19.jpg,R,M,False
Member_1,R_20.jpg,R,M,False
Member_1,S_01.jpg,S,M,False
Member_1,S_02.jpg,S,M,False
Member_1,S_03.jpg,S,R,False
Member_1,S_04.jpg,S,M,False
Member_1,S_05.jpg,S,S,True
Member_1,S_06.jpg,S,M,False
Member_1,S_07.jpg,S,M,False
Member_1,S_08.jpg,S,M,False
Member_1,S_09.jpg,S,S,True
Member_1,S_10.jpg,S,M,False
Member_1,S_11.jpg,S,M,False
Member_1,S_12.jpg,S,M,False
Member_1,S_13.jpg,S,S,True
Member_1,S_14.jpg,S,R,False
Member_1,S_15.jpg,S,R,False
Member_1,S_16.jpg,S,R,False
Member_1,S_17.jpg,S,M,False
Member_1,S_18.jpg,S,M,False
Member_1,S_19.jpg,S,M,False
Member_1,S_20.jpg,S,M,False
Member_1,T_01.jpg,T,P,False
Member_1,T_02.jpg,T,P,False
Member_1,T_03.jpg,T,R,False
Member_1,T_04.jpg,T,P,False
Member_1,T_05.jpg,T,P,False
Member_1,T_06.jpg,T,P,False
Member_1,T_07.jpg,T,P,False
Member_1,T_08.jpg,T,M,False
Member_1,T_09.jpg,T,P,False
Member_1,T_10.jpg,T,P,False
Member_1,T_11.jpg,T,P,False
Member_1,T_12.jpg,T,P,False
Member_1,T_13.jpg,T,P,False
Member_1,T_14.jpg,T,P,False
Member_1,T_15.jpg,T,P,False
Member_1,T_16.jpg,T,R,False
Member_1,T_17.jpg,T,P,False
Member_1,T_18.jpg,T,P,False
Member_1,T_19.jpg,T,P,False
Member_1,T_20.jpg,T,P,False
Member_1,U_01.jpg,U,U,True
Member_1,U_02.jpg,U,U,True
Member_1,U_03.jpg,U,U,True
Member_1,U_04.jpg,U,U,True
Member_1,U_05.jpg,U,N,False
Member_1,U_06.jpg,U,U,True
Member_1,U_07.jpg,U,U,True
Member_1,U_08.jpg,U,U,True
Member_1,U_09.jpg,U,U,True
Member_1,U_10.jpg,U,U,True
Member_1,U_11.jpg,U,U,True
Member_1,U_12.jpg,U,U,True
Member_1,U_13.jpg,U,U,True
Member_1,U_14.jpg,U,U,True
Member_1,U_15.jpg,U,U,True
Member_1,U_16.jpg,U,U,True
Member_1,U_17.jpg,U,U,True
Member_1,U_18.jpg,U,U,True
Member_1,U_19.jpg,U,U,True
Member_1,U_20.jpg,U,U,True
Member_1,V_01.jpg,V,U,False
Member_1,V_02.jpg,V,V,True
Member_1,V_03.jpg,V,V,True
Member_1,V_04.jpg,V,V,True
Member_1,V_05.jpg,V,V,True
Member_1,V_06.jpg,V,V,True
Member_1,V_07.jpg,V,V,True
Member_1,V_08.jpg,V,V,True
Member_1,V_09.jpg,V,V,True
Member_1,V_10.jpg,V,V,True
Member_1,V_11.jpg,V,V,True
Member_1,V_12.jpg,V,U,False
Member_1,V_13.jpg,V,V,True
Member_1,V_14.jpg,V,V,True
Member_1,V_15.jpg,V,V,True
Member_1,V_16.jpg,V,V,True
Member_1,V_17.jpg,V,V,True
Member_1,V_18.jpg,V,U,False
Member_1,V_19.jpg,V,V,True
Member_1,V_20.jpg,V,V,True
Member_1,W_01.jpg,W,W,True
Member_1,W_02.jpg,W,W,True
Member_1,W_03.jpg,W,W,True
Member_1,W_04.jpg,W,W,True
Member_1,W_05.jpg,W,W,True
Member_1,W_06.jpg,W,W,True
Member_1,W_07.jpg,W,W,True
Member_1,W_08.jpg,W,N,False
Member_1,W_09.jpg,W,W,True
Member_1,W_11.jpg,W,W,True
Member_1,W_13.jpg,W,W,True
Member_1,W_14.jpg,W,W,True
Member_1,W_15.jpg,W,W,True
Member_1,W_16.jpg,W,W,True
Member_1,W_17.jpg,W,W,True
Member_1,W_18.jpg,W,W,True
Member_1,W_19.jpg,W,W,True
Member_1,W_20.jpg,W,W,True
Member_1,X_01.jpg,X,X,True
Member_1,X_02.jpg,X,X,True
Member_1,X_03.jpg,X,X,True
Member_1,X_04.jpg,X,X,True
Member_1,X_05.jpg,X,X,True
Member_1,X_06.jpg,X,X,True
Member_1,X_07.jpg,X,X,True
Member_1,X_08.jpg,X,X,True
Member_1,X_09.jpg,X,X,True
Member_1,X_10.jpg,X,X,True
Member_1,X_11.jpg,X,X,True
Member_1,X_12.jpg,X,X,True
Member_1,X_13.jpg,X,X,True
Member_1,X_14.jpg,X,X,True
Member_1,X_15.jpg,X,X,True
Member_1,X_16.jpg,X,X,True
Member_1,X_17.jpg,X,X,True
Member_1,X_18.jpg,X,X,True
Member_1,X_19.jpg,X,X,True
Member_1,Y_04.jpg,Y,Y,True
Member_1,Y_05.jpg,Y,Y,True
Member_1,Y_07.jpg,Y,Y,True
Member_1,Y_08.jpg,Y,Y,True
Member_1,Y_09.jpg,Y,Y,True
Member_1,Y_11.jpg,Y,Y,True
Member_1,Y_12.jpg,Y,Y,True
Member_1,Y_13.jpg,Y,Y,True
Member_1,Y_14.jpg,Y,Y,True
Member_1,Y_15.jpg,Y,Y,True
Member_1,Y_16.jpg,Y,Y,True
Member_1,Y_17.jpg,Y,Y,True
Member_1,Y_18.jpg,Y,Y,True
Member_1,Y_19.jpg,Y,Y,True
Member_1,Y_20.jpg,Y,Y,True
Member_1,Z_01.jpg,Z,Z,True
Member_1,Z_02.jpg,Z,Z,True
Member_1,Z_03.jpg,Z,Z,True
Member_1,Z_04.jpg,Z,Z,True
Member_1,Z_06.jpg,Z,Z,True
Member_1,Z_07.jpg,Z,Z,True
Member_1,Z_08.jpg,Z,Z,True
Member_1,Z_09.jpg,Z,Z,True
Member_1,Z_10.jpg,Z,Z,True
Member_1,Z_11.jpg,Z,Z,True
Member_1,Z_12.jpg,Z,Z,True
Member_1,Z_13.jpg,Z,P,False
Member_1,Z_14.jpg,Z,Z,True
Member_1,Z_15.jpg,Z,Z,True
Member_1,Z_16.jpg,Z,Z,True
Member_1,Z_17.jpg,Z,Z,True
Member_1,Z_18.jpg,Z,Z,True
Member_1,Z_19.jpg,Z,Z,True
Member_1,Z_20.jpg,Z,Z,True
Member_2,A_21.jpeg,A,A,True
Member_2,A_22.jpg,A,A,True
Member_2,A_23.jpg,A,A,True
Member_2,A_24.jpg,A,A,True
Member_2,A_25.jpg,A,A,True
Member_2,A_26.jpg,A,A,True
Member_2,A_27.jpeg,A,A,True
Member_2,A_28.jpg,A,A,True
Member_2,A_29.jpg,A,A,True
Member_2,A_30.jpg,A,A,True
Member_2,A_31.jpg,A,A,True
Member_2,A_32.jpg,A,H,False
Member_2,A_33.jpg,A,A,True
Member_2,A_34.jpeg,A,A,True
Member_2,A_35.jpeg,A,A,True
Member_2,A_36.jpeg,A,A,True
Member_2,A_37.jpeg,A,A,True
Member_2,A_38.jpeg,A,A,True
Member_2,A_39.jpeg,A,A,True
Member_2,A_40.jpeg,A,A,True
Member_2,B_21.jpeg,B,B,True
Member_2,B_22.jpeg,B,B,True
Member_2,B_23.jpeg,B,B,True
Member_2,B_24.jpeg,B,B,True
Member_2,B_25.jpeg,B,B,True
Member_2,B_26.jpeg,B,B,True
Member_2,B_27.jpeg,B,B,True
Member_2,B_28.jpeg,B,B,True
Member_2,B_29.jpeg,B,B,True
Member_2,B_30.jpeg,B,B,True
Member_2,B_31.jpeg,B,B,True
Member_2,B_32.jpeg,B,B,True
Member_2,B_33.jpeg,B,B,True
Member_2,B_34.jpeg,B,B,True
Member_2,B_35.jpeg,B,B,True
Member_2,B_37.jpeg,B,B,True
Member_2,B_38.jpeg,B,B,True
Member_2,B_39.jpeg,B,B,True
Member_2,B_40.jpeg,B,B,True
Member_2,C_21.jpeg,C,C,True
Member_2,C_22.jpeg,C,C,True
Member_2,C_23.jpeg,C,C,True
Member_2,C_24.jpeg,C,C,True
Member_2,C_25.jpeg,C,C,True
Member_2,C_26.jpeg,C,C,True
Member_2,C_27.jpeg,C,C,True
Member_2,C_28.jpeg,C,C,True
Member_2,C_29.jpeg,C,C,True
Member_2,C_30.jpeg,C,C,True
Member_2,C_31.jpeg,C,C,True
Member_2,C_32.jpeg,C,C,True
Member_2,C_33.jpeg,C,C,True
Member_2,C_34.jpeg,C,C,True
Member_2,C_35.jpeg,C,C,True
Member_2,C_36.jpeg,C,C,True
Member_2,C_37.jpeg,C,C,True
Member_2,C_38.jpeg,C,C,True
Member_2,C_39.jpeg,C,C,True
Member_2,C_40.jpeg,C,C,True
Member_2,D_23.jpeg,D,D,True
Member_2,D_27.jpeg,D,D,True
Member_2,D_28.jpeg,D,C,False
Member_2,D_30.jpeg,D,D,True
Member_2,D_31.jpeg,D,D,True
Member_2,D_32.jpeg,D,D,True
Member_2,E_21.jpeg,E,E,True
Member_2,E_22.jpeg,E,X,False
Member_2,E_23.jpeg,E,E,True
Member_2,E_24.jpeg,E,E,True
Member_2,E_25.jpeg,E,E,True
Member_2,E_26.jpeg,E,X,False
Member_2,E_27.jpeg,E,E,True
Member_2,E_28.jpeg,E,E,True
Member_2,E_29.jpeg,E,E,True
Member_2,E_30.jpeg,E,E,True
Member_2,E_31.jpeg,E,E,True
Member_2,E_32.jpeg,E,E,True
Member_2,E_33.jpeg,E,E,True
Member_2,E_34.jpeg,E,X,False
Member_2,E_35.jpeg,E,E,True
Member_2,E_36.jpeg,E,E,True
Member_2,E_37.jpeg,E,X,False
Member_2,E_38.jpeg,E,E,True
Member_2,E_39.jpeg,E,E,True
Member_2,E_40.jpeg,E,E,True
Member_2,F_23.jpeg,F,X,False
Member_2,F_30.jpeg,F,N,False
Member_2,F_31.jpeg,F,K,False
Member_2,F_34.jpeg,F,K,False
Member_2,H_21.jpeg,H,H,True
Member_2,H_22.jpeg,H,H,True
Member_2,H_23.jpeg,H,H,True
Member_2,H_24.jpeg,H,H,True
Member_2,H_25.jpeg,H,H,True
Member_2,H_26.jpeg,H,H,True
Member_2,H_27.jpeg,H,H,True
Member_2,H_28.jpeg,H,H,True
Member_2,H_29.jpeg,H,H,True
Member_2,H_30.jpeg,H,H,True
Member_2,H_31.jpeg,H,H,True
Member_2,H_32.jpeg,H,H,True
Member_2,H_33.jpeg,H,H,True
Member_2,H_34.jpeg,H,H,True
Member_2,H_35.jpeg,H,H,True
Member_2,H_36.jpeg,H,H,True
Member_2,H_37.jpeg,H,H,True
Member_2,H_38.jpeg,H,H,True
Member_2,H_39.jpeg,H,H,True
Member_2,H_40.jpeg,H,H,True
Member_2,I_21.jpeg,I,U,False
Member_2,I_22.jpeg,I,U,False
Member_2,I_23.jpeg,I,U,False
Member_2,I_24.jpeg,I,U,False
Member_2,I_25.jpeg,I,U,False
Member_2,I_26.jpeg,I,U,False
Member_2,I_27.jpeg,I,U,False
Member_2,I_28.jpeg,I,U,False
Member_2,I_29.jpeg,I,U,False
Member_2,I_30.jpeg,I,U,False
Member_2,I_31.jpeg,I,U,False
Member_2,I_32.jpeg,I,U,False
Member_2,I_33.jpeg,I,U,False
Member_2,I_34.jpeg,I,U,False
Member_2,I_35.jpeg,I,U,False
Member_2,I_36.jpeg,I,U,False
Member_2,I_37.jpeg,I,U,False
Member_2,I_38.jpeg,I,U,False
Member_2,I_39.jpeg,I,U,False
Member_2,I_40.jpeg,I,U,False
Member_2,J_21.jpeg,J,J,True
Member_2,J_22.jpeg,J,J,True
Member_2,J_23.jpeg,J,J,True
Member_2,J_24.jpeg,J,J,True
Member_2,J_25.jpeg,J,J,True
Member_2,J_26.jpeg,J,J,True
Member_2,J_27.jpeg,J,J,True
Member_2,J_28.jpeg,J,J,True
Member_2,J_29.jpeg,J,J,True
Member_2,J_30.jpeg,J,J,True
Member_2,J_31.jpeg,J,J,True
Member_2,J_32.jpeg,J,J,True
Member_2,J_33.jpeg,J,J,True
Member_2,J_34.jpeg,J,J,True
Member_2,J_35.jpeg,J,J,True
Member_2,J_36.jpeg,J,J,True
Member_2,J_37.jpeg,J,J,True
Member_2,J_38.jpeg,J,J,True
Member_2,J_39.jpeg,J,J,True
Member_2,J_40.jpeg,J,J,True
Member_2,K_29.jpeg,K,P,False
Member_2,L_21.jpeg,L,L,True
Member_2,L_22.jpeg,L,L,True
Member_2,L_23.jpeg,L,L,True
Member_2,L_24.jpeg,L,L,True
Member_2,L_25.jpeg,L,L,True
Member_2,L_26.jpeg,L,L,True
Member_2,L_27.jpeg,L,L,True
Member_2,L_28.jpeg,L,L,True
Member_2,L_29.jpeg,L,L,True
Member_2,L_30.jpeg,L,L,True
Member_2,L_31.jpeg,L,L,True
Member_2,L_32.jpeg,L,L,True
Member_2,L_33.jpeg,L,L,True
Member_2,L_34.jpeg,L,L,True
Member_2,L_35.jpeg,L,L,True
Member_2,L_36.jpeg,L,L,True
Member_2,L_37.jpeg,L,L,True
Member_2,L_38.jpeg,L,L,True
Member_2,L_39.jpeg,L,L,True
Member_2,L_40.jpeg,L,L,True
Member_2,M_21.jpeg,M,H,False
Member_2,M_22.jpeg,M,H,False
Member_2,M_23.jpeg,M,H,False
Member_2,M_24.jpeg,M,H,False
Member_2,M_25.jpeg,M,H,False
Member_2,M_26.jpeg,M,H,False
Member_2,M_27.jpeg,M,H,False
Member_2,M_28.jpeg,M,H,False
Member_2,M_29.jpeg,M,H,False
Member_2,M_30.jpeg,M,H,False
Member_2,M_31.jpeg,M,H,False
Member_2,M_32.jpeg,M,H,False
Member_2,M_33.jpeg,M,H,False
Member_2,M_34.jpeg,M,H,False
Member_2,M_35.jpeg,M,H,False
Member_2,M_36.jpeg,M,H,False
Member_2,M_37.jpeg,M,H,False
Member_2,M_38.jpeg,M,H,False
Member_2,M_39.jpeg,M,H,False
Member_2,M_40.jpeg,M,H,False
Member_2,N_21.jpeg,N,N,True
Member_2,N_22.jpeg,N,N,True
Member_2,N_23.jpeg,N,N,True
Member_2,N_24.jpeg,N,N,True
Member_2,N_25.jpeg,N,N,True
Member_2,N_26.jpeg,N,N,True
Member_2,N_27.jpeg,N,N,True
Member_2,N_28.jpeg,N,N,True
Member_2,N_29.jpeg,N,N,True
Member_2,N_30.jpeg,N,N,True
Member_2,N_31.jpeg,N,N,True
Member_2,N_32.jpeg,N,N,True
Member_2,N_33.jpeg,N,N,True
Member_2,N_34.jpeg,N,N,True
Member_2,N_35.jpeg,N,N,True
Member_2,N_36.jpeg,N,N,True
Member_2,N_37.jpeg,N,N,True
Member_2,N_38.jpeg,N,N,True
Member_2,N_39.jpeg,N,N,True
Member_2,N_40.jpeg,N,N,True
Member_2,O_21.jpeg,O,U,False
Member_2,O_22.jpeg,O,U,False
Member_2,O_23.jpeg,O,U,False
Member_2,O_24.jpeg,O,U,False
Member_2,O_25.jpeg,O,U,False
Member_2,O_26.jpeg,O,U,False
Member_2,O_27.jpeg,O,U,False
Member_2,O_28.jpeg,O,L,False
Member_2,O_29.jpeg,O,U,False
Member_2,O_30.jpeg,O,U,False
Member_2,O_31.jpeg,O,U,False
Member_2,O_32.jpeg,O,U,False
Member_2,O_33.jpeg,O,U,False
Member_2,O_34.jpeg,O,U,False
Member_2,O_35.jpeg,O,U,False
Member_2,O_36.jpeg,O,U,False
Member_2,O_37.jpeg,O,U,False
Member_2,O_38.jpeg,O,U,False
Member_2,O_39.jpeg,O,L,False
Member_2,O_40.jpeg,O,L,False
Member_2,P_21.jpeg,P,D,False
Member_2,P_22.jpeg,P,D,False
Member_2,P_23.jpeg,P,D,False
Member_2,P_24.jpeg,P,D,False
Member_2,P_25.jpeg,P,D,False
Member_2,P_26.jpeg,P,X,False
Member_2,P_27.jpeg,P,D,False
Member_2,P_28.jpeg,P,D,False
Member_2,P_29.jpeg,P,D,False
Member_2,P_30.jpeg,P,X,False
Member_2,P_31.jpeg,P,D,False
Member_2,P_32.jpeg,P,D,False
Member_2,P_33.jpeg,P,D,False
Member_2,P_34.jpeg,P,D,False
Member_2,P_35.jpeg,P,D,False
Member_2,P_36.jpeg,P,D,False
Member_2,P_37.jpeg,P,D,False
Member_2,P_38.jpeg,P,X,False
Member_2,P_39.jpeg,P,D,False
Member_2,P_40.jpeg,P,D,False
Member_2,Q_21.jpeg,Q,A,False
Member_2,Q_22.jpeg,Q,D,False
Member_2,Q_23.jpeg,Q,A,False
Member_2,Q_24.jpeg,Q,A,False
Member_2,Q_25.jpeg,Q,G,False
Member_2,Q_26.jpeg,Q,A,False
Member_2,Q_27.jpeg,Q,A,False
Member_2,Q_28.jpeg,Q,D,False
Member_2,Q_29.jpeg,Q,G,False
Member_2,Q_30.jpeg,Q,A,False
Member_2,Q_31.jpeg,Q,H,False
Member_2,Q_32.jpeg,Q,G,False
Member_2,Q_33.jpeg,Q,A,False
Member_2,Q_34.jpeg,Q,A,False
Member_2,Q_35.jpeg,Q,A,False
Member_2,Q_36.jpeg,Q,A,False
Member_2,Q_37.jpeg,Q,A,False
Member_2,Q_38.jpeg,Q,D,False
Member_2,Q_40.jpeg,Q,A,False
Member_2,R_21.jpeg,R,L,False
Member_2,R_22.jpeg,R,L,False
Member_2,R_23.jpeg,R,L,False
Member_2,R_24.jpeg,R,L,False
Member_2,R_25.jpeg,R,L,False
Member_2,R_26.jpeg,R,L,False
Member_2,R_27.jpeg,R,L,False
Member_2,R_28.jpeg,R,L,False
Member_2,R_29.jpeg,R,L,False
Member_2,R_30.jpeg,R,L,False
Member_2,R_31.jpeg,R,L,False
Member_2,R_32.jpeg,R,J,False
Member_2,R_33.jpeg,R,L,False
Member_2,R_34.jpeg,R,L,False
Member_2,R_35.jpeg,R,L,False
Member_2,R_36.jpeg,R,L,False
Member_2,R_37.jpeg,R,L,False
Member_2,R_38.jpeg,R,L,False
Member_2,R_39.jpeg,R,L,False
Member_2,R_40.jpeg,R,J,False
Member_2,S_21.jpeg,S,U,False
Member_2,S_22.jpeg,S,U,False
Member_2,S_23.jpeg,S,U,False
Member_2,S_24.jpeg,S,U,False
Member_2,S_25.jpeg,S,U,False
Member_2,S_26.jpeg,S,U,False
Member_2,S_27.jpeg,S,U,False
Member_2,S_28.jpeg,S,U,False
Member_2,S_29.jpeg,S,U,False
Member_2,S_30.jpeg,S,U,False
Member_2,S_31.jpeg,S,U,False
Member_2,S_32.jpeg,S,U,False
Member_2,S_33.jpeg,S,U,False
Member_2,S_34.jpeg,S,U,False
Member_2,S_35.jpeg,S,U,False
Member_2,S_36.jpeg,S,U,False
Member_2,S_37.jpeg,S,U,False
Member_2,S_38.jpeg,S,U,False
Member_2,S_39.jpeg,S,U,False
Member_2,S_40.jpeg,S,U,False
Member_2,T_21.jpeg,T,R,False
Member_2,T_22.jpeg,T,R,False
Member_2,T_23.jpeg,T,L,False
Member_2,T_24.jpeg,T,R,False
Member_2,T_25.jpeg,T,L,False
Member_2,T_26.jpeg,T,M,False
Member_2,T_27.jpeg,T,R,False
Member_2,T_28.jpeg,T,M,False
Member_2,T_29.jpeg,T,R,False
Member_2,T_30.jpeg,T,L,False
Member_2,T_31.jpeg,T,R,False
Member_2,T_32.jpeg,T,M,False
Member_2,T_33.jpeg,T,M,False
Member_2,T_34.jpeg,T,M,False
Member_2,T_35.jpeg,T,R,False
Member_2,T_36.jpeg,T,R,False
Member_2,T_37.jpeg,T,R,False
Member_2,T_38.jpeg,T,L,False
Member_2,T_39.jpeg,T,R,False
Member_2,T_40.jpeg,T,R,False
Member_2,U_21.jpeg,U,U,True
Member_2,U_22.jpeg,U,U,True
Member_2,U_23.jpeg,U,U,True
Member_2,U_24.jpeg,U,U,True
Member_2,U_25.jpeg,U,U,True
Member_2,U_26.jpeg,U,U,True
Member_2,U_27.jpeg,U,U,True
Member_2,U_28.jpeg,U,U,True
Member_2,U_29.jpeg,U,U,True
Member_2,U_30.jpeg,U,U,True
Member_2,U_31.jpeg,U,U,True
Member_2,U_32.jpeg,U,U,True
Member_2,U_33.jpeg,U,U,True
Member_2,U_34.jpeg,U,U,True
Member_2,U_35.jpeg,U,U,True
Member_2,U_36.jpeg,U,U,True
Member_2,U_37.jpeg,U,U,True
Member_2,U_38.jpeg,U,U,True
Member_2,U_39.jpeg,U,U,True
Member_2,U_40.jpeg,U,U,True
Member_2,V_21.jpeg,V,J,False
Member_2,V_22.jpeg,V,J,False
Member_2,V_23.jpeg,V,J,False
Member_2,V_24.jpeg,V,J,False
Member_2,V_25.jpeg,V,J,False
Member_2,V_26.jpeg,V,J,False
Member_2,V_27.jpeg,V,J,False
Member_2,V_28.jpeg,V,L,False
Member_2,V_29.jpeg,V,J,False
Member_2,V_30.jpeg,V,J,False
Member_2,V_31.jpeg,V,J,False
Member_2,V_32.jpeg,V,J,False
Member_2,V_33.jpeg,V,J,False
Member_2,V_34.jpeg,V,J,False
Member_2,V_35.jpeg,V,L,False
Member_2,V_36.jpeg,V,J,False
Member_2,V_37.jpeg,V,J,False
Member_2,V_38.jpeg,V,J,False
Member_2,V_39.jpeg,V,J,False
Member_2,V_40.jpeg,V,J,False
Member_2,W_21.jpeg,W,M,False
Member_2,W_22.jpeg,W,Z,False
Member_2,W_23.jpeg,W,M,False
Member_2,W_24.jpeg,W,M,False
Member_2,W_25.jpeg,W,A,False
Member_2,W_26.jpeg,W,M,False
Member_2,W_27.jpeg,W,M,False
Member_2,W_28.jpeg,W,M,False
Member_2,W_29.jpeg,W,M,False
Member_2,W_30.jpeg,W,M,False
Member_2,W_31.jpeg,W,Z,False
Member_2,W_32.jpeg,W,Z,False
Member_2,W_33.jpeg,W,Z,False
Member_2,W_34.jpeg,W,M,False
Member_2,W_35.jpeg,W,M,False
Member_2,W_36.jpeg,W,M,False
Member_2,W_37.jpeg,W,Z,False
Member_2,W_38.jpeg,W,Z,False
Member_2,W_39.jpeg,W,A,False
Member_2,W_40.jpeg,W,M,False
Member_2,X_21.jpeg,X,X,True
Member_2,X_22.jpeg,X,X,True
Member_2,X_23.jpeg,X,X,True
Member_2,X_24.jpeg,X,X,True
Member_2,X_25.jpeg,X,X,True
Member_2,X_26.jpeg,X,X,True
Member_2,X_27.jpeg,X,X,True
Member_2,X_28.jpeg,X,X,True
Member_2,X_29.jpeg,X,X,True
Member_2,X_30.jpeg,X,X,True
Member_2,X_31.jpeg,X,X,True
Member_2,X_32.jpeg,X,X,True
Member_2,X_33.jpeg,X,X,True
Member_2,X_34.jpeg,X,X,True
Member_2,X_35.jpeg,X,X,True
Member_2,X_36.jpeg,X,X,True
Member_2,X_37.jpeg,X,X,True
Member_2,X_38.jpeg,X,X,True
Member_2,X_39.jpeg,X,X,True
Member_2,X_40.jpeg,X,X,True
Member_2,Y_21.jpeg,Y,Y,True
Member_2,Y_22.jpeg,Y,Y,True
Member_2,Y_23.jpeg,Y,Y,True
Member_2,Y_24.jpeg,Y,Y,True
Member_2,Y_25.jpeg,Y,Y,True
Member_2,Y_26.jpeg,Y,Y,True
Member_2,Y_27.jpeg,Y,Y,True
Member_2,Y_28.jpeg,Y,A,False
Member_2,Y_29.jpeg,Y,Y,True
Member_2,Y_30.jpeg,Y,Y,True
Member_2,Y_31.jpeg,Y,Y,True
Member_2,Y_32.jpeg,Y,Y,True
Member_2,Y_33.jpeg,Y,Y,True
Member_2,Y_34.jpeg,Y,Y,True
Member_2,Y_35.jpeg,Y,Y,True
Member_2,Y_36.jpeg,Y,Y,True
Member_2,Y_37.jpeg,Y,Y,True
Member_2,Y_38.jpeg,Y,Y,True
Member_2,Y_39.jpeg,Y,Y,True
Member_2,Y_40.jpeg,Y,Y,True
Member_2,Z_21.jpeg,Z,F,False
Member_2,Z_22.jpeg,Z,Z,True
Member_2,Z_23.jpeg,Z,H,False
Member_2,Z_24.jpeg,Z,H,False
Member_2,Z_26.jpeg,Z,F,False
Member_2,Z_28.jpeg,Z,F,False
Member_2,Z_29.jpeg,Z,F,False
Member_2,Z_30.jpeg,Z,Z,True
Member_2,Z_31.jpeg,Z,F,False
Member_2,Z_32.jpeg,Z,Z,True
Member_2,Z_33.jpeg,Z,H,False
Member_2,Z_34.jpeg,Z,F,False
Member_2,Z_37.jpeg,Z,S,False
Member_2,Z_38.jpeg,Z,F,False
Member_2,Z_39.jpeg,Z,F,False
Member_2,Z_40.jpeg,Z,F,False
Member_3,A_41.jpg,A,Z,False
Member_3,A_42.jpg,A,A,True
Member_3,A_43.jpg,A,A,True
Member_3,A_44.jpg,A,A,True
Member_3,A_45.jpg,A,Z,False
Member_3,A_46.jpg,A,Z,False
Member_3,A_47.jpg,A,Z,False
Member_3,A_48.jpg,A,Z,False
Member_3,A_49.jpg,A,Z,False
Member_3,A_50.jpg,A,Z,False
Member_3,B_42.jpg,B,B,True
Member_3,B_43.jpg,B,B,True
Member_3,B_44.jpg,B,B,True
Member_3,B_45.jpg,B,B,True
Member_3,B_46.jpg,B,B,True
Member_3,B_47.jpg,B,B,True
Member_3,B_48.jpg,B,B,True
Member_3,B_49.jpg,B,B,True
Member_3,B_50.jpg,B,B,True
Member_3,B_51.jpg,B,B,True
Member_3,B_52.jpg,B,B,True
Member_3,C_42.jpg,C,C,True
Member_3,C_43.jpg,C,C,True
Member_3,C_44.jpg,C,C,True
Member_3,C_45.jpg,C,C,True
Member_3,C_46.jpg,C,C,True
Member_3,C_47.jpg,C,C,True
Member_3,C_48.jpg,C,C,True
Member_3,C_49.jpg,C,C,True
Member_3,C_50.jpg,C,C,True
Member_3,C_51.jpg,C,C,True
Member_3,D_41.jpg,D,D,True
Member_3,D_42.jpg,D,D,True
Member_3,D_43.jpg,D,D,True
Member_3,D_44.jpg,D,D,True
Member_3,D_45.jpg,D,D,True
Member_3,D_46.jpg,D,D,True
Member_3,D_47.jpg,D,D,True
Member_3,D_48.jpg,D,D,True
Member_3,D_49.jpg,D,D,True
Member_3,E_41.jpg,E,X,False
Member_3,E_42.jpg,E,X,False
Member_3,E_43.jpg,E,X,False
Member_3,E_44.jpg,E,X,False
Member_3,E_45.jpg,E,X,False
Member_3,E_46.jpg,E,X,False
Member_3,E_47.jpg,E,X,False
Member_3,E_48.jpg,E,X,False
Member_3,E_49.jpg,E,X,False
Member_3,E_50.jpg,E,X,False
Member_3,E_51.jpg,E,X,False
Member_3,F_54.jpg,F,F,True
Member_3,G_48.jpg,G,X,False
Member_3,H_41.jpg,H,Z,False
Member_3,H_42.jpg,H,Q,False
Member_3,H_43.jpg,H,Z,False
Member_3,H_44.jpg,H,Q,False
Member_3,H_45.jpg,H,Q,False
Member_3,H_46.jpg,H,Q,False
Member_3,H_47.jpg,H,Q,False
Member_3,H_48.jpg,H,Q,False
Member_3,H_49.jpg,H,Q,False
Member_3,H_50.jpg,H,W,False
Member_3,H_51.jpg,H,Y,False
Member_3,I_41.jpg,I,M,False
Member_3,I_42.jpg,I,M,False
Member_3,I_43.jpg,I,M,False
Member_3,I_44.jpg,I,M,False
Member_3,I_45.jpg,I,M,False
Member_3,I_46.jpg,I,M,False
Member_3,I_47.jpg,I,M,False
Member_3,I_48.jpg,I,A,False
Member_3,I_49.jpg,I,M,False
Member_3,I_50.jpg,I,M,False
Member_3,I_51.jpg,I,N,False
Member_3,I_52.jpg,I,N,False
Member_3,I_53.jpg,I,N,False
Member_3,I_54.jpg,I,V,False
Member_3,I_55.jpg,I,N,False
Member_3,I_56.jpg,I,N,False
Member_3,I_57.jpg,I,N,False
Member_3,I_58.jpg,I,N,False
Member_3,I_59.jpg,I,N,False
Member_3,I_60.jpg,I,N,False
Member_3,J_41.jpg,J,T,False
Member_3,J_42.jpg,J,T,False
Member_3,J_43.jpg,J,T,False
Member_3,J_44.jpg,J,T,False
Member_3,J_45.jpg,J,T,False
Member_3,J_46.jpg,J,T,False
Member_3,J_47.jpg,J,T,False
Member_3,J_48.jpg,J,O,False
Member_3,J_49.jpg,J,T,False
Member_3,J_50.jpg,J,O,False
Member_3,J_51.jpg,J,N,False
Member_3,J_52.jpg,J,N,False
Member_3,J_53.jpg,J,R,False
Member_3,J_54.jpg,J,R,False
Member_3,J_55.jpg,J,N,False
Member_3,J_56.jpg,J,N,False
Member_3,J_57.jpg,J,N,False
Member_3,J_58.jpg,J,N,False
Member_3,J_59.jpg,J,N,False
Member_3,J_60.jpg,J,N,False
Member_3,K_44.jpg,K,E,False
Member_3,K_45.jpg,K,E,False
Member_3,K_46.jpg,K,E,False
Member_3,K_47.jpg,K,E,False
Member_3,K_48.jpg,K,A,False
Member_3,K_49.jpg,K,G,False
Member_3,K_50.jpg,K,Q,False
Member_3,K_51.jpg,K,Q,False
Member_3,K_52.jpg,K,F,False
Member_3,K_53.jpg,K,F,False
Member_3,K_54.jpg,K,E,False
Member_3,K_55.jpg,K,F,False
Member_3,L_41.jpg,L,O,False
Member_3,L_42.jpg,L,T,False
Member_3,L_43.jpg,L,T,False
Member_3,L_44.jpg,L,T,False
Member_3,L_45.jpg,L,T,False
Member_3,L_46.jpg,L,T,False
Member_3,L_47.jpg,L,T,False
Member_3,L_48.jpg,L,T,False
Member_3,L_49.jpg,L,T,False
Member_3,L_50.jpg,L,T,False
Member_3,L_51.jpg,L,R,False
Member_3,L_52.jpg,L,R,False
Member_3,L_53.jpg,L,T,False
Member_3,L_54.jpg,L,R,False
Member_3,L_55.jpg,L,R,False
Member_3,L_56.jpg,L,R,False
Member_3,L_57.jpg,L,R,False
Member_3,L_58.jpg,L,O,False
Member_3,L_59.jpg,L,T,False
Member_3,L_60.jpg,L,T,False
Member_3,M_41.jpg,M,M,True
Member_3,M_42.jpg,M,M,True
Member_3,M_43.jpg,M,T,False
Member_3,M_44.jpg,M,M,True
Member_3,M_45.jpg,M,T,False
Member_3,M_46.jpg,M,T,False
Member_3,M_47.jpg,M,M,True
Member_3,M_48.jpg,M,O,False
Member_3,M_49.jpg,M,M,True
Member_3,M_50.jpg,M,M,True
Member_3,M_51.jpg,M,M,True
Member_3,M_52.jpg,M,R,False
Member_3,M_53.jpg,M,R,False
Member_3,M_54.jpg,M,R,False
Member_3,M_55.jpg,M,R,False
Member_3,M_56.jpg,M,R,False
Member_3,M_57.jpg,M,R,False
Member_3,M_58.jpg,M,R,False
Member_3,M_59.jpg,M,M,True
Member_3,M_60.jpg,M,M,True
Member_3,N_41.jpg,N,M,False
Member_3,N_42.jpg,N,M,False
Member_3,N_43.jpg,N,M,False
Member_3,N_44.jpg,N,M,False
Member_3,N_45.jpg,N,M,False
Member_3,N_46.jpg,N,T,False
Member_3,N_47.jpg,N,M,False
Member_3,N_48.jpg,N,M,False
Member_3,N_49.jpg,N,M,False
Member_3,N_50.jpg,N,M,False
Member_3,N_51.jpg,N,M,False
Member_3,N_52.jpg,N,M,False
Member_3,N_53.jpg,N,M,False
Member_3,N_54.jpg,N,M,False
Member_3,N_55.jpg,N,M,False
Member_3,N_56.jpg,N,T,False
Member_3,N_57.jpg,N,T,False
Member_3,N_58.jpg,N,J,False
Member_3,N_59.jpg,N,R,False
Member_3,N_60.jpg,N,R,False
Member_3,O_41.jpg,O,U,False
Member_3,O_42.jpg,O,O,True
Member_3,O_43.jpg,O,O,True
Member_3,O_44.jpg,O,U,False
Member_3,O_45.jpg,O,U,False
Member_3,O_46.jpg,O,U,False
Member_3,O_47.jpg,O,U,False
Member_3,O_48.jpg,O,U,False
Member_3,O_49.jpg,O,U,False
Member_3,O_50.jpg,O,I,False
Member_3,O_51.jpg,O,I,False
Member_3,O_52.jpg,O,I,False
Member_3,O_53.jpg,O,I,False
Member_3,O_54.jpg,O,I,False
Member_3,O_55.jpg,O,I,False
Member_3,O_56.jpg,O,I,False
Member_3,O_57.jpg,O,I,False
Member_3,O_58.jpg,O,I,False
Member_3,O_59.jpg,O,I,False
Member_3,O_60.jpg,O,I,False
Member_3,P_41.jpg,P,Q,False
Member_3,P_42.jpg,P,Q,False
Member_3,P_43.jpg,P,Z,False
Member_3,P_44.jpg,P,Z,False
Member_3,P_45.jpg,P,Z,False
Member_3,P_46.jpg,P,Z,False
Member_3,P_47.jpg,P,P,True
Member_3,P_48.jpg,P,Z,False
Member_3,P_49.jpg,P,Z,False
Member_3,P_50.jpg,P,Z,False
Member_3,P_51.jpg,P,Z,False
Member_3,P_52.jpg,P,P,True
Member_3,Q_46.jpg,Q,B,False
Member_3,R_41.jpg,R,O,False
Member_3,R_42.jpg,R,O,False
Member_3,R_43.jpg,R,T,False
Member_3,R_44.jpg,R,O,False
Member_3,R_45.jpg,R,O,False
Member_3,R_46.jpg,R,O,False
Member_3,R_47.jpg,R,O,False
Member_3,R_48.jpg,R,T,False
Member_3,R_49.jpg,R,O,False
Member_3,R_50.jpg,R,O,False
Member_3,R_51.jpg,R,T,False
Member_3,R_52.jpg,R,O,False
Member_3,R_53.jpg,R,O,False
Member_3,R_54.jpg,R,O,False
Member_3,R_55.jpg,R,O,False
Member_3,R_56.jpg,R,O,False
Member_3,R_57.jpg,R,O,False
Member_3,R_58.jpg,R,R,True
Member_3,R_59.jpg,R,R,True
Member_3,R_60.jpg,R,R,True
Member_3,S_41.jpg,S,Z,False
Member_3,S_42.jpg,S,Z,False
Member_3,S_43.jpg,S,Z,False
Member_3,S_44.jpg,S,Z,False
Member_3,S_45.jpg,S,Z,False
Member_3,S_46.jpg,S,Z,False
Member_3,S_47.jpg,S,Z,False
Member_3,S_48.jpg,S,Z,False
Member_3,S_49.jpg,S,Z,False
Member_3,S_50.jpg,S,Z,False
Member_3,S_51.jpg,S,Z,False
Member_3,S_52.jpg,S,Z,False
Member_3,S_53.jpg,S,Z,False
Member_3,S_54.jpg,S,Z,False
Member_3,S_55.jpg,S,Z,False
Member_3,S_56.jpg,S,Z,False
Member_3,S_57.jpg,S,M,False
Member_3,S_58.jpg,S,M,False
Member_3,S_59.jpg,S,M,False
Member_3,S_60.jpg,S,S,True
Member_3,T_41.jpg,T,R,False
Member_3,T_42.jpg,T,R,False
Member_3,T_43.jpg,T,O,False
Member_3,T_44.jpg,T,O,False
Member_3,T_45.jpg,T,R,False
Member_3,T_46.jpg,T,R,False
Member_3,T_47.jpg,T,O,False
Member_3,T_48.jpg,T,O,False
Member_3,T_49.jpg,T,O,False
Member_3,T_50.jpg,T,O,False
Member_3,T_51.jpg,T,O,False
Member_3,T_52.jpg,T,O,False
Member_3,T_53.jpg,T,O,False
Member_3,T_54.jpg,T,O,False
Member_3,T_55.jpg,T,O,False
Member_3,T_56.jpg,T,O,False
Member_3,T_57.jpg,T,O,False
Member_3,T_58.jpg,T,O,False
Member_3,T_59.jpg,T,R,False
Member_3,T_60.jpg,T,R,False
Member_3,U_41.jpg,U,U,True
Member_3,U_42.jpg,U,U,True
Member_3,U_43.jpg,U,U,True
Member_3,U_44.jpg,U,U,True
Member_3,U_45.jpg,U,U,True
Member_3,U_46.jpg,U,U,True
Member_3,U_47.jpg,U,U,True
Member_3,U_48.jpg,U,U,True
Member_3,U_49.jpg,U,U,True
Member_3,U_50.jpg,U,U,True
Member_3,U_51.jpg,U,U,True
Member_3,U_52.jpg,U,U,True
Member_3,U_53.jpg,U,U,True
Member_3,U_54.jpg,U,U,True
Member_3,U_55.jpg,U,I,False
Member_3,U_56.jpg,U,I,False
Member_3,U_57.jpg,U,I,False
Member_3,U_58.jpg,U,I,False
Member_3,U_59.jpg,U,I,False
Member_3,U_60.jpg,U,U,True
Member_3,V_41.jpg,V,U,False
Member_3,V_42.jpg,V,U,False
Member_3,V_43.jpg,V,U,False
Member_3,V_44.jpg,V,U,False
Member_3,V_45.jpg,V,U,False
Member_3,V_46.jpg,V,V,True
Member_3,V_47.jpg,V,V,True
Member_3,V_48.jpg,V,V,True
Member_3,V_49.jpg,V,V,True
Member_3,V_50.jpg,V,V,True
Member_3,V_51.jpg,V,V,True
Member_3,V_52.jpg,V,V,True
Member_3,V_53.jpg,V,V,True
Member_3,V_54.jpg,V,V,True
Member_3,V_55.jpg,V,V,True
Member_3,V_56.jpg,V,V,True
Member_3,V_57.jpg,V,V,True
Member_3,V_58.jpg,V,U,False
Member_3,V_59.jpg,V,V,True
Member_3,V_60.jpg,V,V,True
Member_3,W_41.jpg,W,W,True
Member_3,W_42.jpg,W,W,True
Member_3,W_43.jpg,W,W,True
Member_3,W_60.jpg,W,W,True
Member_3,X_41.jpg,X,X,True
Member_3,X_42.jpg,X,X,True
Member_3,X_43.jpg,X,X,True
Member_3,X_44.jpg,X,X,True
Member_3,X_45.jpg,X,X,True
Member_3,X_47.jpg,X,X,True
Member_3,X_48.jpg,X,Z,False
Member_3,X_49.jpg,X,G,False
Member_3,X_50.jpg,X,G,False
Member_3,X_51.jpg,X,Z,False
Member_3,X_52.jpg,X,X,True
Member_3,X_53.jpg,X,X,True
Member_3,X_54.jpg,X,X,True
Member_3,X_55.jpg,X,X,True
Member_3,X_60.jpg,X,X,True
Member_3,Y_41.jpg,Y,Y,True
Member_3,Y_42.jpg,Y,Y,True
Member_3,Y_43.jpg,Y,Y,True
Member_3,Y_44.jpg,Y,Y,True
Member_3,Y_45.jpg,Y,Y,True
Member_3,Y_46.jpg,Y,Y,True
Member_3,Y_47.jpg,Y,Y,True
Member_3,Y_48.jpg,Y,Y,True
Member_3,Y_49.jpg,Y,Y,True
Member_3,Y_50.jpg,Y,Y,True
Member_3,Y_51.jpg,Y,Y,True
Member_3,Y_52.jpg,Y,Y,True
Member_3,Y_53.jpg,Y,H,False
Member_3,Y_55.jpg,Y,T,False
Member_3,Y_56.jpg,Y,M,False
Member_3,Y_58.jpg,Y,M,False
Member_3,Y_59.jpg,Y,M,False
Member_3,Y_60.jpg,Y,Y,True
Member_3,Z_42.jpg,Z,Z,True
Member_3,Z_43.jpg,Z,Z,True
Member_3,Z_44.jpg,Z,W,False
Member_3,Z_45.jpg,Z,M,False
Member_3,Z_46.jpg,Z,A,False
Member_3,Z_47.jpg,Z,D,False
Member_3,Z_48.jpg,Z,Z,True
Member_3,Z_49.jpg,Z,Z,True
Member_3,Z_50.jpg,Z,M,False
Member_3,Z_51.jpg,Z,V,False
Member_3,Z_52.jpg,Z,Z,True
Member_3,Z_53.jpg,Z,A,False
Member_3,Z_54.jpg,Z,Z,True
Member_4,A_61.jpg,A,I,False
Member_4,A_62.jpg,A,N,False
Member_4,A_63.jpg,A,X,False
Member_4,A_64.jpg,A,X,False
Member_4,A_65.jpg,A,I,False
Member_4,A_66.jpg,A,X,False
Member_4,A_67.jpg,A,X,False
Member_4,A_68.jpg,A,I,False
Member_4,A_69.jpg,A,I,False
Member_4,A_70.jpg,A,I,False
Member_4,A_71.jpg,A,I,False
Member_4,A_72.jpg,A,X,False
Member_4,A_73.jpg,A,I,False
Member_4,A_74.jpg,A,I,False
Member_4,A_75.jpg,A,I,False
Member_4,A_76.jpg,A,X,False
Member_4,A_77.jpg,A,I,False
Member_4,A_78.jpg,A,I,False
Member_4,A_79.jpg,A,X,False
Member_4,A_80.jpg,A,I,False
Member_4,B_61.jpg,B,B,True
Member_4,B_62.jpg,B,Q,False
Member_4,B_63.jpg,B,B,True
Member_4,B_64.jpg,B,Q,False
Member_4,B_65.jpg,B,Q,False
Member_4,B_66.jpg,B,Q,False
Member_4,B_67.jpg,B,B,True
Member_4,B_68.jpg,B,B,True
Member_4,B_69.jpg,B,Q,False
Member_4,B_70.jpg,B,Q,False
Member_4,B_71.jpg,B,B,True
Member_4,B_72.jpg,B,B,True
Member_4,B_73.jpg,B,Q,False
Member_4,B_74.jpg,B,Q,False
Member_4,B_75.jpg,B,B,True
Member_4,B_76.jpg,B,B,True
Member_4,B_77.jpg,B,Q,False
Member_4,B_78.jpg,B,B,True
Member_4,B_79.jpg,B,Q,False
Member_4,B_80.jpg,B,B,True
Member_4,C_61.jpg,C,Z,False
Member_4,C_62.jpg,C,F,False
Member_4,C_63.jpg,C,F,False
Member_4,C_64.jpg,C,Z,False
Member_4,C_65.jpg,C,F,False
Member_4,C_66.jpg,C,Z,False
Member_4,C_67.jpg,C,Z,False
Member_4,C_68.jpg,C,Z,False
Member_4,C_69.jpg,C,Z,False
Member_4,C_70.jpg,C,Z,False
Member_4,C_71.jpg,C,F,False
Member_4,C_72.jpg,C,F,False
Member_4,C_73.jpg,C,Z,False
Member_4,C_74.jpg,C,Z,False
Member_4,C_75.jpg,C,F,False
Member_4,C_76.jpg,C,F,False
Member_4,C_77.jpg,C,F,False
Member_4,C_78.jpg,C,Z,False
Member_4,C_79.jpg,C,F,False
Member_4,C_80.jpg,C,Z,False
Member_4,D_61.jpg,D,X,False
Member_4,D_62.jpg,D,X,False
Member_4,D_63.jpg,D,I,False
Member_4,D_64.jpg,D,X,False
Member_4,D_65.jpg,D,Z,False
Member_4,D_66.jpg,D,F,False
Member_4,D_67.jpg,D,X,False
Member_4,D_68.jpg,D,X,False
Member_4,D_69.jpg,D,I,False
Member_4,D_70.jpg,D,X,False
Member_4,D_71.jpg,D,X,False
Member_4,D_72.jpg,D,F,False
Member_4,D_73.jpg,D,K,False
Member_4,D_74.jpg,D,F,False
Member_4,D_75.jpg,D,I,False
Member_4,D_76.jpg,D,X,False
Member_4,D_77.jpg,D,X,False
Member_4,D_78.jpg,D,F,False
Member_4,D_79.jpg,D,X,False
Member_4,D_80.jpg,D,X,False
Member_4,E_64.jpg,E,X,False
Member_4,E_65.jpg,E,X,False
Member_4,E_72.jpg,E,X,False
Member_4,E_73.jpg,E,X,False
Member_4,E_75.jpg,E,X,False
Member_4,E_76.jpg,E,K,False
Member_4,E_77.jpg,E,K,False
Member_4,E_78.jpg,E,E,True
Member_4,E_79.jpg,E,X,False
Member_4,F_61.jpg,F,F,True
Member_4,F_62.jpg,F,G,False
Member_4,F_63.jpg,F,F,True
Member_4,F_64.jpg,F,G,False
Member_4,F_65.jpg,F,F,True
Member_4,F_66.jpg,F,F,True
Member_4,F_67.jpg,F,F,True
Member_4,F_68.jpg,F,F,True
Member_4,F_69.jpg,F,F,True
Member_4,F_70.jpg,F,F,True
Member_4,F_71.jpg,F,F,True
Member_4,F_72.jpg,F,F,True
Member_4,F_73.jpg,F,F,True
Member_4,F_74.jpg,F,Z,False
Member_4,F_75.jpg,F,Z,False
Member_4,F_76.jpg,F,F,True
Member_4,F_77.jpg,F,F,True
Member_4,F_78.jpg,F,Z,False
Member_4,F_79.jpg,F,I,False
Member_4,F_80.jpg,F,F,True
Member_4,G_61.jpg,G,G,True
Member_4,G_62.jpg,G,G,True
Member_4,G_63.jpg,G,G,True
Member_4,G_64.jpg,G,G,True
Member_4,G_65.jpg,G,G,True
Member_4,G_66.jpg,G,K,False
Member_4,G_67.jpg,G,K,False
Member_4,G_68.jpg,G,G,True
Member_4,G_69.jpg,G,K,False
Member_4,G_70.jpg,G,K,False
Member_4,G_71.jpg,G,K,False
Member_4,G_72.jpg,G,K,False
Member_4,G_73.jpg,G,X,False
Member_4,G_74.jpg,G,G,True
Member_4,G_75.jpg,G,X,False
Member_4,G_76.jpg,G,G,True
Member_4,G_77.jpg,G,K,False
Member_4,G_78.jpg,G,G,True
Member_4,G_79.jpg,G,K,False
Member_4,G_80.jpg,G,G,True
Member_4,H_61.jpg,H,Z,False
Member_4,H_62.jpg,H,Z,False
Member_4,H_63.jpg,H,N,False
Member_4,H_64.jpg,H,N,False
Member_4,H_65.jpg,H,Y,False
Member_4,H_66.jpg,H,N,False
Member_4,H_67.jpg,H,Z,False
Member_4,H_68.jpg,H,V,False
Member_4,H_69.jpg,H,Y,False
Member_4,H_70.jpg,H,V,False
Member_4,H_71.jpg,H,Y,False
Member_4,H_72.jpg,H,Y,False
Member_4,H_73.jpg,H,V,False
Member_4,H_74.jpg,H,N,False
Member_4,H_75.jpg,H,Y,False
Member_4,H_76.jpg,H,Y,False
Member_4,H_77.jpg,H,N,False
Member_4,H_78.jpg,H,V,False
Member_4,H_79.jpg,H,H,True
Member_4,H_80.jpg,H,V,False
Member_4,I_61.jpg,I,I,True
Member_4,I_62.jpg,I,I,True
Member_4,I_63.jpg,I,I,True
Member_4,I_64.jpg,I,O,False
Member_4,I_65.jpg,I,I,True
Member_4,I_66.jpg,I,O,False
Member_4,I_67.jpg,I,U,False
Member_4,I_68.jpg,I,U,False
Member_4,I_69.jpg,I,I,True
Member_4,I_70.jpg,I,O,False
Member_4,I_71.jpg,I,O,False
Member_4,I_72.jpg,I,O,False
Member_4,I_73.jpg,I,U,False
Member_4,I_74.jpg,I,O,False
Member_4,I_75.jpg,I,O,False
Member_4,I_76.jpg,I,I,True
Member_4,I_77.jpg,I,O,False
Member_4,I_78.jpg,I,O,False
Member_4,I_79.jpg,I,O,False
Member_4,I_80.jpg,I,I,True
Member_4,J_61.jpg,J,N,False
Member_4,J_62.jpg,J,N,False
Member_4,J_63.jpg,J,N,False
Member_4,J_64.jpg,J,N,False
Member_4,J_65.jpg,J,N,False
Member_4,J_66.jpg,J,N,False
Member_4,J_67.jpg,J,N,False
Member_4,J_68.jpg,J,L,False
Member_4,J_69.jpg,J,O,False
Member_4,J_70.jpg,J,N,False
Member_4,J_71.jpg,J,N,False
Member_4,J_72.jpg,J,N,False
Member_4,J_73.jpg,J,N,False
Member_4,J_74.jpg,J,G,False
Member_4,J_75.jpg,J,N,False
Member_4,J_76.jpg,J,N,False
Member_4,J_77.jpg,J,N,False
Member_4,J_78.jpg,J,N,False
Member_4,J_79.jpg,J,N,False
Member_4,J_80.jpg,J,L,False
Member_4,K_61.jpg,K,G,False
Member_4,K_62.jpg,K,F,False
Member_4,K_63.jpg,K,F,False
Member_4,K_64.jpg,K,G,False
Member_4,K_65.jpg,K,F,False
Member_4,K_66.jpg,K,F,False
Member_4,K_67.jpg,K,P,False
Member_4,K_68.jpg,K,F,False
Member_4,K_71.jpg,K,G,False
Member_4,K_72.jpg,K,P,False
Member_4,K_73.jpg,K,Z,False
Member_4,K_74.jpg,K,F,False
Member_4,K_75.jpg,K,R,False
Member_4,K_76.jpg,K,R,False
Member_4,K_77.jpg,K,R,False
Member_4,K_79.jpg,K,F,False
Member_4,L_61.jpg,L,N,False
Member_4,L_62.jpg,L,N,False
Member_4,L_63.jpg,L,N,False
Member_4,L_64.jpg,L,O,False
Member_4,L_65.jpg,L,O,False
Member_4,L_66.jpg,L,N,False
Member_4,L_67.jpg,L,N,False
Member_4,L_68.jpg,L,N,False
Member_4,L_69.jpg,L,N,False
Member_4,L_70.jpg,L,N,False
Member_4,L_71.jpg,L,N,False
Member_4,L_72.jpg,L,N,False
Member_4,L_73.jpg,L,N,False
Member_4,L_74.jpg,L,N,False
Member_4,L_75.jpg,L,N,False
Member_4,L_76.jpg,L,O,False
Member_4,L_77.jpg,L,N,False
Member_4,L_78.jpg,L,L,True
Member_4,L_79.jpg,L,N,False
Member_4,L_80.jpg,L,O,False
Member_4,M_61.jpg,M,Y,False
Member_4,M_62.jpg,M,N,False
Member_4,M_63.jpg,M,Y,False
Member_4,M_64.jpg,M,N,False
Member_4,M_65.jpg,M,N,False
Member_4,M_66.jpg,M,H,False
Member_4,M_67.jpg,M,N,False
Member_4,M_68.jpg,M,B,False
Member_4,M_69.jpg,M,N,False
Member_4,M_70.jpg,M,S,False
Member_4,M_71.jpg,M,M,True
Member_4,M_73.jpg,M,Y,False
Member_4,M_74.jpg,M,N,False
Member_4,M_75.jpg,M,Y,False
Member_4,M_76.jpg,M,N,False
Member_4,M_77.jpg,M,F,False
Member_4,M_78.jpg,M,M,True
Member_4,M_79.jpg,M,Y,False
Member_4,M_80.jpg,M,N,False
Member_4,N_61.jpg,N,L,False
Member_4,N_62.jpg,N,N,True
Member_4,N_63.jpg,N,N,True
Member_4,N_64.jpg,N,N,True
Member_4,N_65.jpg,N,N,True
Member_4,N_66.jpg,N,N,True
Member_4,N_67.jpg,N,N,True
Member_4,N_68.jpg,N,N,True
Member_4,N_69.jpg,N,N,True
Member_4,N_70.jpg,N,N,True
Member_4,N_71.jpg,N,N,True
Member_4,N_72.jpg,N,N,True
Member_4,N_73.jpg,N,N,True
Member_4,N_74.jpg,N,N,True
Member_4,N_75.jpg,N,L,False
Member_4,N_76.jpg,N,N,True
Member_4,N_77.jpg,N,N,True
Member_4,N_78.jpg,N,N,True
Member_4,N_79.jpg,N,N,True
Member_4,N_80.jpg,N,N,True
Member_4,O_61.jpg,O,O,True
Member_4,O_62.jpg,O,O,True
Member_4,O_63.jpg,O,O,True
Member_4,O_64.jpg,O,O,True
Member_4,O_65.jpg,O,O,True
Member_4,O_66.jpg,O,O,True
Member_4,O_67.jpg,O,O,True
Member_4,O_68.jpg,O,O,True
Member_4,O_69.jpg,O,O,True
Member_4,O_70.jpg,O,O,True
Member_4,O_71.jpg,O,E,False
Member_4,O_72.jpg,O,O,True
Member_4,O_73.jpg,O,O,True
Member_4,O_74.jpg,O,O,True
Member_4,O_75.jpg,O,O,True
Member_4,O_76.jpg,O,O,True
Member_4,O_77.jpg,O,O,True
Member_4,O_78.jpg,O,O,True
Member_4,O_79.jpg,O,O,True
Member_4,O_80.jpg,O,O,True
Member_4,P_61.jpg,P,T,False
Member_4,P_62.jpg,P,P,True
Member_4,P_63.jpg,P,A,False
Member_4,P_64.jpg,P,Z,False
Member_4,P_65.jpg,P,Z,False
Member_4,P_66.jpg,P,Z,False
Member_4,P_67.jpg,P,T,False
Member_4,P_68.jpg,P,Z,False
Member_4,P_69.jpg,P,Z,False
Member_4,P_70.jpg,P,Z,False
Member_4,P_71.jpg,P,Z,False
Member_4,P_72.jpg,P,Z,False
Member_4,P_73.jpg,P,Z,False
Member_4,P_74.jpg,P,T,False
Member_4,P_75.jpg,P,P,True
Member_4,P_76.jpg,P,Z,False
Member_4,P_77.jpg,P,Z,False
Member_4,P_78.jpg,P,T,False
Member_4,P_79.jpg,P,A,False
Member_4,P_80.jpg,P,Z,False
Member_4,Q_61.jpg,Q,Q,True
Member_4,Q_62.jpg,Q,Q,True
Member_4,Q_63.jpg,Q,Q,True
Member_4,Q_64.jpg,Q,Q,True
Member_4,Q_65.jpg,Q,Q,True
Member_4,Q_66.jpg,Q,Q,True
Member_4,Q_67.jpg,Q,Q,True
Member_4,Q_68.jpg,Q,Q,True
Member_4,Q_69.jpg,Q,Q,True
Member_4,Q_70.jpg,Q,Q,True
Member_4,Q_71.jpg,Q,Q,True
Member_4,Q_72.jpg,Q,Q,True
Member_4,Q_73.jpg,Q,Q,True
Member_4,Q_74.jpg,Q,Q,True
Member_4,Q_75.jpg,Q,Q,True
Member_4,Q_76.jpg,Q,Q,True
Member_4,Q_77.jpg,Q,Q,True
Member_4,Q_78.jpg,Q,Q,True
Member_4,Q_79.jpg,Q,Q,True
Member_4,Q_80.jpg,Q,Q,True
Member_4,R_61.jpg,R,N,False
Member_4,R_62.jpg,R,N,False
Member_4,R_63.jpg,R,N,False
Member_4,R_64.jpg,R,M,False
Member_4,R_65.jpg,R,M,False
Member_4,R_66.jpg,R,H,False
Member_4,R_67.jpg,R,N,False
Member_4,R_68.jpg,R,O,False
Member_4,R_69.jpg,R,N,False
Member_4,R_70.jpg,R,O,False
Member_4,R_71.jpg,R,N,False
Member_4,R_72.jpg,R,O,False
Member_4,R_73.jpg,R,N,False
Member_4,R_74.jpg,R,M,False
Member_4,R_75.jpg,R,N,False
Member_4,R_76.jpg,R,N,False
Member_4,R_77.jpg,R,I,False
Member_4,R_78.jpg,R,M,False
Member_4,R_79.jpg,R,I,False
Member_4,R_80.jpg,R,N,False
Member_4,S_61.jpg,S,M,False
Member_4,S_62.jpg,S,M,False
Member_4,S_63.jpg,S,M,False
Member_4,S_64.jpg,S,M,False
Member_4,S_65.jpg,S,S,True
Member_4,S_66.jpg,S,S,True
Member_4,S_67.jpg,S,M,False
Member_4,S_68.jpg,S,M,False
Member_4,S_69.jpg,S,M,False
Member_4,S_70.jpg,S,M,False
Member_4,S_71.jpg,S,M,False
Member_4,S_72.jpg,S,M,False
Member_4,S_73.jpg,S,M,False
Member_4,S_74.jpg,S,M,False
Member_4,S_75.jpg,S,K,False
Member_4,S_76.jpg,S,M,False
Member_4,S_77.jpg,S,M,False
Member_4,S_78.jpg,S,M,False
Member_4,S_79.jpg,S,S,True
Member_4,S_80.jpg,S,S,True
Member_4,T_61.jpg,T,R,False
Member_4,T_62.jpg,T,T,True
Member_4,T_63.jpg,T,O,False
Member_4,T_64.jpg,T,T,True
Member_4,T_65.jpg,T,R,False
Member_4,T_66.jpg,T,R,False
Member_4,T_67.jpg,T,O,False
Member_4,T_68.jpg,T,M,False
Member_4,T_69.jpg,T,M,False
Member_4,T_70.jpg,T,J,False
Member_4,T_71.jpg,T,T,True
Member_4,T_72.jpg,T,O,False
Member_4,T_73.jpg,T,T,True
Member_4,T_74.jpg,T,R,False
Member_4,T_75.jpg,T,T,True
Member_4,T_76.jpg,T,T,True
Member_4,T_77.jpg,T,M,False
Member_4,T_78.jpg,T,T,True
Member_4,T_79.jpg,T,T,True
Member_4,T_80.jpg,T,L,False
Member_4,U_61.jpg,U,U,True
Member_4,U_62.jpg,U,U,True
Member_4,U_63.jpg,U,U,True
Member_4,U_64.jpg,U,U,True
Member_4,U_65.jpg,U,U,True
Member_4,U_66.jpg,U,K,False
Member_4,U_67.jpg,U,U,True
Member_4,U_68.jpg,U,U,True
Member_4,U_69.jpg,U,U,True
Member_4,U_70.jpg,U,N,False
Member_4,U_71.jpg,U,U,True
Member_4,U_72.jpg,U,U,True
Member_4,U_73.jpg,U,U,True
Member_4,U_74.jpg,U,U,True
Member_4,U_75.jpg,U,U,True
Member_4,U_76.jpg,U,U,True
Member_4,U_77.jpg,U,U,True
Member_4,U_78.jpg,U,U,True
Member_4,U_79.jpg,U,U,True
Member_4,U_80.jpg,U,E,False
Member_4,V_61.jpg,V,N,False
Member_4,V_62.jpg,V,F,False
Member_4,V_63.jpg,V,N,False
Member_4,V_64.jpg,V,N,False
Member_4,V_65.jpg,V,I,False
Member_4,V_66.jpg,V,N,False
Member_4,V_67.jpg,V,F,False
Member_4,V_68.jpg,V,N,False
Member_4,V_69.jpg,V,N,False
Member_4,V_70.jpg,V,A,False
Member_4,V_71.jpg,V,N,False
Member_4,V_72.jpg,V,F,False
Member_4,V_73.jpg,V,N,False
Member_4,V_74.jpg,V,F,False
Member_4,V_75.jpg,V,O,False
Member_4,V_76.jpg,V,N,False
Member_4,V_77.jpg,V,N,False
Member_4,V_78.jpg,V,O,False
Member_4,V_79.jpg,V,N,False
Member_4,V_80.jpg,V,N,False
Member_4,W_61.jpg,W,F,False
Member_4,W_62.jpg,W,F,False
Member_4,W_63.jpg,W,H,False
Member_4,W_64.jpg,W,W,True
Member_4,W_65.jpg,W,H,False
Member_4,W_66.jpg,W,S,False
Member_4,W_67.jpg,W,F,False
Member_4,W_68.jpg,W,H,False
Member_4,W_69.jpg,W,S,False
Member_4,W_70.jpg,W,Y,False
Member_4,W_71.jpg,W,H,False
Member_4,W_72.jpg,W,Y,False
Member_4,W_73.jpg,W,Y,False
Member_4,W_74.jpg,W,S,False
Member_4,W_75.jpg,W,Y,False
Member_4,W_76.jpg,W,S,False
Member_4,W_77.jpg,W,H,False
Member_4,W_78.jpg,W,S,False
Member_4,W_79.jpg,W,H,False
Member_4,W_80.jpg,W,S,False
Member_4,X_61.jpg,X,G,False
Member_4,X_62.jpg,X,F,False
Member_4,X_64.jpg,X,K,False
Member_4,X_66.jpg,X,W,False
Member_4,X_68.jpg,X,K,False
Member_4,X_71.jpg,X,K,False
Member_4,X_73.jpg,X,K,False
Member_4,X_74.jpg,X,X,True
Member_4,X_75.jpg,X,E,False
Member_4,X_76.jpg,X,K,False
Member_4,X_77.jpg,X,W,False
Member_4,X_78.jpg,X,E,False
Member_4,X_79.jpg,X,E,False
Member_4,X_80.jpg,X,G,False
Member_4,Y_61.jpg,Y,Y,True
Member_4,Y_62.jpg,Y,Z,False
Member_4,Y_63.jpg,Y,Y,True
Member_4,Y_64.jpg,Y,F,False
Member_4,Y_65.jpg,Y,E,False
Member_4,Y_66.jpg,Y,E,False
Member_4,Y_67.jpg,Y,E,False
Member_4,Y_68.jpg,Y,E,False
Member_4,Y_69.jpg,Y,E,False
Member_4,Y_70.jpg,Y,I,False
Member_4,Y_71.jpg,Y,Y,True
Member_4,Y_72.jpg,Y,Y,True
Member_4,Y_73.jpg,Y,E,False
Member_4,Y_74.jpg,Y,E,False
Member_4,Y_75.jpg,Y,E,False
Member_4,Y_76.jpg,Y,Y,True
Member_4,Y_77.jpg,Y,Y,True
Member_4,Y_78.jpg,Y,E,False
Member_4,Y_79.jpg,Y,Y,True
Member_4,Y_80.jpg,Y,E,False
Member_4,Z_65.jpg,Z,T,False
Member_4,Z_66.jpg,Z,K,False
Member_4,Z_68.jpg,Z,K,False
Member_4,Z_71.jpg,Z,Q,False
Member_4,Z_78.jpg,Z,K,False
