image_name,member_id,label,reason
A_07.jpg,Member_1,A,No hand detected
A_09.jpg,Member_1,A,No hand detected
A_18.jpg,Member_1,A,No hand detected
A_51.jpg,Member_3,A,No hand detected
A_52.jpg,Member_3,A,No hand detected
A_53.jpg,Member_3,A,No hand detected
A_54.jpg,Member_3,A,No hand detected
A_55.jpg,Member_3,A,No hand detected
A_56.jpg,Member_3,A,No hand detected
A_57.jpg,Member_3,A,No hand detected
A_58.jpg,Member_3,A,No hand detected
A_59.jpg,Member_3,A,No hand detected
A_60.jpg,Member_3,A,No hand detected
B_05.jpg,Member_1,B,No hand detected
B_14.jpg,Member_1,B,No hand detected
B_15.jpg,Member_1,B,No hand detected
B_36.jpeg,Member_2,B,No hand detected
B_41.jpg,Member_3,B,No hand detected
B_53.jpg,Member_3,B,No hand detected
B_54.jpg,Member_3,B,No hand detected
B_55.jpg,Member_3,B,No hand detected
B_56.jpg,Member_3,B,No hand detected
B_57.jpg,Member_3,B,No hand detected
B_58.jpg,Member_3,B,No hand detected
B_59.jpg,Member_3,B,No hand detected
B_60.jpg,Member_3,B,No hand detected
C_41.jpg,Member_3,C,No hand detected
C_52.jpg,Member_3,C,No hand detected
C_53.jpg,Member_3,C,No hand detected
C_54.jpg,Member_3,C,No hand detected
C_55.jpg,Member_3,C,No hand detected
C_56.jpg,Member_3,C,No hand detected
C_57.jpg,Member_3,C,No hand detected
C_58.jpg,Member_3,C,No hand detected
C_59.jpg,Member_3,C,No hand detected
C_60.jpg,Member_3,C,No hand detected
D_03.jpg,Member_1,D,No hand detected
D_21.jpeg,Member_2,D,No hand detected
D_22.jpeg,Member_2,D,No hand detected
D_24.jpeg,Member_2,D,No hand detected
D_25.jpeg,Member_2,D,No hand detected
D_26.jpeg,Member_2,D,No hand detected
D_29.jpeg,Member_2,D,No hand detected
D_33.jpeg,Member_2,D,No hand detected
D_34.jpeg,Member_2,D,No hand detected
D_35.jpeg,Member_2,D,No hand detected
D_36.jpeg,Member_2,D,No hand detected
D_37.jpeg,Member_2,D,No hand detected
D_38.jpeg,Member_2,D,No hand detected
D_39.jpeg,Member_2,D,No hand detected
D_40.jpeg,Member_2,D,No hand detected
D_50.jpg,Member_3,D,No hand detected
D_51.jpg,Member_3,D,No hand detected
D_52.jpg,Member_3,D,No hand detected
D_53.jpg,Member_3,D,No hand detected
D_54.jpg,Member_3,D,No hand detected
D_55.jpg,Member_3,D,No hand detected
D_56.jpg,Member_3,D,No hand detected
D_57.jpg,Member_3,D,No hand detected
D_58.jpg,Member_3,D,No hand detected
D_59.jpg,Member_3,D,No hand detected
D_60.jpg,Member_3,D,No hand detected
E_03.jpg,Member_1,E,No hand detected
E_05.jpg,Member_1,E,No hand detected
E_52.jpg,Member_3,E,No hand detected
E_53.jpg,Member_3,E,No hand detected
E_54.jpg,Member_3,E,No hand detected
E_55.jpg,Member_3,E,No hand detected
E_56.jpg,Member_3,E,No hand detected
E_57.jpg,Member_3,E,No hand detected
E_58.jpg,Member_3,E,No hand detected
E_59.jpg,Member_3,E,No hand detected
E_60.jpg,Member_3,E,No hand detected
E_61.jpg,Member_4,E,No hand detected
E_62.jpg,Member_4,E,No hand detected
E_63.jpg,Member_4,E,No hand detected
E_66.jpg,Member_4,E,No hand detected
E_67.jpg,Member_4,E,No hand detected
E_68.jpg,Member_4,E,No hand detected
E_69.jpg,Member_4,E,No hand detected
E_70.jpg,Member_4,E,No hand detected
E_71.jpg,Member_4,E,No hand detected
E_74.jpg,Member_4,E,No hand detected
E_80.jpg,Member_4,E,No hand detected
F_21.jpeg,Member_2,F,No hand detected
F_22.jpeg,Member_2,F,No hand detected
F_24.jpeg,Member_2,F,No hand detected
F_25.jpeg,Member_2,F,No hand detected
F_26.jpeg,Member_2,F,No hand detected
F_27.jpeg,Member_2,F,No hand detected
F_28.jpeg,Member_2,F,No hand detected
F_29.jpeg,Member_2,F,No hand detected
F_32.jpeg,Member_2,F,No hand detected
F_33.jpeg,Member_2,F,No hand detected
F_35.jpeg,Member_2,F,No hand detected
F_36.jpeg,Member_2,F,No hand detected
F_37.jpeg,Member_2,F,No hand detected
F_38.jpeg,Member_2,F,No hand detected
F_39.jpeg,Member_2,F,No hand detected
F_40.jpeg,Member_2,F,No hand detected
F_41.jpg,Member_3,F,No hand detected
F_42.jpg,Member_3,F,No hand detected
F_43.jpg,Member_3,F,No hand detected
F_44.jpg,Member_3,F,No hand detected
F_45.jpg,Member_3,F,No hand detected
F_46.jpg,Member_3,F,No hand detected
F_47.jpg,Member_3,F,No hand detected
F_48.jpg,Member_3,F,No hand detected
F_49.jpg,Member_3,F,No hand detected
F_50.jpg,Member_3,F,No hand detected
F_51.jpg,Member_3,F,No hand detected
F_52.jpg,Member_3,F,No hand detected
F_53.jpg,Member_3,F,No hand detected
F_55.jpg,Member_3,F,No hand detected
F_56.jpg,Member_3,F,No hand detected
F_57.jpg,Member_3,F,No hand detected
F_58.jpg,Member_3,F,No hand detected
F_59.jpg,Member_3,F,No hand detected
F_60.jpg,Member_3,F,No hand detected
G_01.jpg,Member_1,G,No hand detected
G_21.jpeg,Member_2,G,No hand detected
G_22.jpeg,Member_2,G,No hand detected
G_23.jpeg,Member_2,G,No hand detected
G_24.jpeg,Member_2,G,No hand detected
G_25.jpeg,Member_2,G,No hand detected
G_26.jpeg,Member_2,G,No hand detected
G_27.jpeg,Member_2,G,No hand detected
G_28.jpeg,Member_2,G,No hand detected
G_29.jpeg,Member_2,G,No hand detected
G_30.jpeg,Member_2,G,No hand detected
G_31.jpeg,Member_2,G,No hand detected
G_32.jpeg,Member_2,G,No hand detected
G_33.jpeg,Member_2,G,No hand detected
G_34.jpeg,Member_2,G,No hand detected
G_35.jpeg,Member_2,G,No hand detected
G_36.jpeg,Member_2,G,No hand detected
G_37.jpeg,Member_2,G,No hand detected
G_38.jpeg,Member_2,G,No hand detected
G_39.jpeg,Member_2,G,No hand detected
G_40.jpeg,Member_2,G,No hand detected
G_41.jpg,Member_3,G,No hand detected
G_42.jpg,Member_3,G,No hand detected
G_43.jpg,Member_3,G,No hand detected
G_44.jpg,Member_3,G,No hand detected
G_45.jpg,Member_3,G,No hand detected
G_46.jpg,Member_3,G,No hand detected
G_47.jpg,Member_3,G,No hand detected
G_49.jpg,Member_3,G,No hand detected
G_50.jpg,Member_3,G,No hand detected
G_51.jpg,Member_3,G,No hand detected
G_52.jpg,Member_3,G,No hand detected
G_53.jpg,Member_3,G,No hand detected
G_54.jpg,Member_3,G,No hand detected
G_55.jpg,Member_3,G,No hand detected
G_56.jpg,Member_3,G,No hand detected
G_57.jpg,Member_3,G,No hand detected
G_58.jpg,Member_3,G,No hand detected
G_59.jpg,Member_3,G,No hand detected
G_60.jpg,Member_3,G,No hand detected
H_52.jpg,Member_3,H,No hand detected
H_53.jpg,Member_3,H,No hand detected
H_54.jpg,Member_3,H,No hand detected
H_55.jpg,Member_3,H,No hand detected
H_56.jpg,Member_3,H,No hand detected
H_57.jpg,Member_3,H,No hand detected
H_58.jpg,Member_3,H,No hand detected
H_59.jpg,Member_3,H,No hand detected
H_60.jpg,Member_3,H,No hand detected
K_21.jpeg,Member_2,K,No hand detected
K_22.jpeg,Member_2,K,No hand detected
K_23.jpeg,Member_2,K,No hand detected
K_24.jpeg,Member_2,K,No hand detected
K_25.jpeg,Member_2,K,No hand detected
K_26.jpeg,Member_2,K,No hand detected
K_27.jpeg,Member_2,K,No hand detected
K_28.jpeg,Member_2,K,No hand detected
K_30.jpeg,Member_2,K,No hand detected
K_31.jpeg,Member_2,K,No hand detected
K_32.jpeg,Member_2,K,No hand detected
K_33.jpeg,Member_2,K,No hand detected
K_34.jpeg,Member_2,K,No hand detected
K_35.jpeg,Member_2,K,No hand detected
K_36.jpeg,Member_2,K,No hand detected
K_37.jpeg,Member_2,K,No hand detected
K_38.jpeg,Member_2,K,No hand detected
K_39.jpeg,Member_2,K,No hand detected
K_40.jpeg,Member_2,K,No hand detected
K_41.jpg,Member_3,K,No hand detected
K_42.jpg,Member_3,K,No hand detected
K_43.jpg,Member_3,K,No hand detected
K_56.jpg,Member_3,K,No hand detected
K_57.jpg,Member_3,K,No hand detected
K_58.jpg,Member_3,K,No hand detected
K_59.jpg,Member_3,K,No hand detected
K_60.jpg,Member_3,K,No hand detected
K_69.jpg,Member_4,K,No hand detected
K_70.jpg,Member_4,K,No hand detected
K_78.jpg,Member_4,K,No hand detected
K_80.jpg,Member_4,K,No hand detected
L_20.jpg,Member_1,L,No hand detected
M_72.jpg,Member_4,M,No hand detected
P_53.jpg,Member_3,P,No hand detected
P_54.jpg,Member_3,P,No hand detected
P_55.jpg,Member_3,P,No hand detected
P_56.jpg,Member_3,P,No hand detected
P_57.jpg,Member_3,P,No hand detected
P_58.jpg,Member_3,P,No hand detected
P_59.jpg,Member_3,P,No hand detected
P_60.jpg,Member_3,P,No hand detected
Q_39.jpeg,Member_2,Q,No hand detected
Q_41.jpg,Member_3,Q,No hand detected
Q_42.jpg,Member_3,Q,No hand detected
Q_43.jpg,Member_3,Q,No hand detected
Q_44.jpg,Member_3,Q,No hand detected
Q_45.jpg,Member_3,Q,No hand detected
Q_47.jpg,Member_3,Q,No hand detected
Q_48.jpg,Member_3,Q,No hand detected
Q_49.jpg,Member_3,Q,No hand detected
Q_50.jpg,Member_3,Q,No hand detected
Q_51.jpg,Member_3,Q,No hand detected
Q_52.jpg,Member_3,Q,No hand detected
Q_53.jpg,Member_3,Q,No hand detected
Q_54.jpg,Member_3,Q,No hand detected
Q_55.jpg,Member_3,Q,No hand detected
Q_56.jpg,Member_3,Q,No hand detected
Q_57.jpg,Member_3,Q,No hand detected
Q_58.jpg,Member_3,Q,No hand detected
Q_59.jpg,Member_3,Q,No hand detected
Q_60.jpg,Member_3,Q,No hand detected
W_10.jpg,Member_1,W,No hand detected
W_12.jpg,Member_1,W,No hand detected
W_44.jpg,Member_3,W,No hand detected
W_45.jpg,Member_3,W,No hand detected
W_46.jpg,Member_3,W,No hand detected
W_47.jpg,Member_3,W,No hand detected
W_48.jpg,Member_3,W,No hand detected
W_49.jpg,Member_3,W,No hand detected
W_50.jpg,Member_3,W,No hand detected
W_51.jpg,Member_3,W,No hand detected
W_52.jpg,Member_3,W,No hand detected
W_53.jpg,Member_3,W,No hand detected
W_54.jpg,Member_3,W,No hand detected
W_55.jpg,Member_3,W,No hand detected
W_56.jpg,Member_3,W,No hand detected
W_57.jpg,Member_3,W,No hand detected
W_58.jpg,Member_3,W,No hand detected
W_59.jpg,Member_3,W,No hand detected
X_20.jpg,Member_1,X,No hand detected
X_46.jpg,Member_3,X,No hand detected
X_56.jpg,Member_3,X,No hand detected
X_57.jpg,Member_3,X,No hand detected
X_58.jpg,Member_3,X,No hand detected
X_59.jpg,Member_3,X,No hand detected
X_63.jpg,Member_4,X,No hand detected
X_65.jpg,Member_4,X,No hand detected
X_67.jpg,Member_4,X,No hand detected
X_69.jpg,Member_4,X,No hand detected
X_70.jpg,Member_4,X,No hand detected
X_72.jpg,Member_4,X,No hand detected
Y_01.jpg,Member_1,Y,No hand detected
Y_02.jpg,Member_1,Y,No hand detected
Y_03.jpg,Member_1,Y,No hand detected
Y_06.jpg,Member_1,Y,No hand detected
Y_10.jpg,Member_1,Y,No hand detected
Y_54.jpg,Member_3,Y,No hand detected
Y_57.jpg,Member_3,Y,No hand detected
Z_05.jpg,Member_1,Z,No hand detected
Z_25.jpeg,Member_2,Z,No hand detected
Z_27.jpeg,Member_2,Z,No hand detected
Z_35.jpeg,Member_2,Z,No hand detected
Z_36.jpeg,Member_2,Z,No hand detected
Z_41.jpg,Member_3,Z,No hand detected
Z_55.jpg,Member_3,Z,No hand detected
Z_56.jpg,Member_3,Z,No hand detected
Z_57.jpg,Member_3,Z,No hand detected
Z_58.jpg,Member_3,Z,No hand detected
Z_59.jpg,Member_3,Z,No hand detected
Z_60.jpg,Member_3,Z,No hand detected
Z_61.jpg,Member_4,Z,No hand detected
Z_62.jpg,Member_4,Z,No hand detected
Z_63.jpg,Member_4,Z,No hand detected
Z_64.jpg,Member_4,Z,No hand detected
Z_67.jpg,Member_4,Z,No hand detected
Z_69.jpg,Member_4,Z,No hand detected
Z_70.jpg,Member_4,Z,No hand detected
Z_72.jpg,Member_4,Z,No hand detected
Z_73.jpg,Member_4,Z,No hand detected
Z_74.jpg,Member_4,Z,No hand detected
Z_75.jpg,Member_4,Z,No hand detected
Z_76.jpg,Member_4,Z,No hand detected
Z_77.jpg,Member_4,Z,No hand detected
Z_79.jpg,Member_4,Z,No hand detected
Z_80.jpg,Member_4,Z,No hand detected
